report_id,employee_id,designation,manager,resolution_minutes,resolution_sla_pass,resolution_category
AXA-20201231-1107-HSE,202,Operator,Victor,225.27,failed,Critical
AXA-20201231-1108-HSE,204,Operator,Victor,333.75,failed,Critical
AXA-20201231-1109-HSE,207,Operator,Victor,255.35,failed,Critical
AXA-20201230-1111-HSE,204,Operator,Victor,242.77,failed,Critical
AXA-20201230-1112-HSE,207,Operator,Victor,263.6,failed,Critical
AXA-20201230-1113-HSE,224,Operator,Seun,280.6,failed,Critical
AXA-20201229-1114-HSE,223,Operator,Seun,212.17,failed,Critical
AXA-20201231-1116-HSE,203,Operator,Victor,208.37,failed,Critical
AXA-20201231-1117-HSE,202,Operator,Victor,312.22,failed,Critical
AXA-20201229-1119-HSE,207,Operator,Victor,331.45,failed,Critical
AXA-20201231-1124-WLESS,201,Operator,Victor,285.32,failed,Critical
AXA-20201231-1131-WLESS,211,Operator,Kerry,323.65,failed,Critical
AXA-20201231-1133-WLESS,219,Operator,Wale,185.67,failed,Critical
AXA-20201230-1134-WLESS,211,Operator,Kerry,205.65,failed,Critical
AXA-20201229-1135-WLESS,228,Operator,Seun,245.38,failed,Critical
AXA-20201230-1136-WLESS,211,Operator,Kerry,209.53,failed,Critical
AXA-20201230-1137-WLESS,208,Operator,Kerry,263.48,failed,Critical
AXA-20201230-1143-WLESS,209,Operator,Kerry,279.57,failed,Critical
AXA-20201230-1144-WLESS,206,Operator,Victor,268.07,failed,Critical
AXA-20201229-1145-WLESS,212,Operator,Kerry,261.22,failed,Critical
AXA-20201231-1148-WLESS,218,Operator,Wale,303.63,failed,Critical
AXA-20201230-1149-WLESS,206,Operator,Victor,283.68,failed,Critical
AXA-20201230-1153-HSE,205,Operator,Victor,188.27,failed,Critical
AXA-20201230-1154-HSE,202,Operator,Victor,252.62,failed,Critical
AXA-20201230-1155-HSE,222,Operator,Seun,250.65,failed,Critical
AXA-20201231-1156-HSE,214,Operator,Kerry,220.47,failed,Critical
AXA-20201229-1160-HSE,203,Operator,Victor,266.68,failed,Critical
AXA-20201231-1168-VOICE,212,Operator,Kerry,325.73,failed,Critical
AXA-20201230-1170-VOICE,201,Operator,Victor,324.77,failed,Critical
AXA-20201229-1173-VOICE,209,Operator,Kerry,193.35,failed,Critical
AXA-20201231-1174-VOICE,220,Operator,Wale,311.25,failed,Critical
AXA-20201231-1176-VOICE,203,Operator,Victor,343.37,failed,Critical
AXA-20201231-1180-HSE,220,Operator,Wale,266.37,failed,Critical
AXA-20201229-1183-HSE,203,Operator,Victor,221.68,failed,Critical
AXA-20201230-1188-HSE,209,Operator,Kerry,192.28,failed,Critical
AXA-20201229-1189-HSE,228,Operator,Seun,323.75,failed,Critical
AXA-20201229-1190-HSE,228,Operator,Seun,201.38,failed,Critical
AXA-20201231-1192-HSE,216,Operator,Wale,255.4,failed,Critical
AXA-20201230-1194-HSE,208,Operator,Kerry,272.72,failed,Critical
AXA-20201230-1196-WLESS,209,Operator,Kerry,194.43,failed,Critical
AXA-20201231-1198-HSE,203,Operator,Victor,211.2,failed,Critical
AXA-20201231-1202-HSE,201,Operator,Victor,306.32,failed,Critical
AXA-20201230-1204-HSE,212,Operator,Kerry,250.05,failed,Critical
AXA-20201229-1208-HSE,206,Operator,Victor,259.42,failed,Critical
AXA-20201230-1216-HSE,205,Operator,Victor,311.57,failed,Critical
AXA-20201229-1217-HSE,203,Operator,Victor,181.13,failed,Critical
AXA-20201229-1220-HSE,226,Operator,Seun,210.08,failed,Critical
AXA-20201230-1226-HSE,205,Operator,Victor,330.15,failed,Critical
AXA-20201229-1227-HSE,206,Operator,Victor,329.67,failed,Critical
AXA-20201230-1230-HSE,211,Operator,Kerry,308.75,failed,Critical
AXA-20201229-1231-HSE,201,Operator,Victor,342.57,failed,Critical
AXA-20201229-1234-HSE,205,Operator,Victor,337.57,failed,Critical
AXA-20201231-1236-HSE,213,Operator,Kerry,345.4,failed,Critical
AXA-20201231-1237-HSE,209,Operator,Kerry,343.37,failed,Critical
AXA-20201230-1239-HSE,204,Operator,Victor,191.3,failed,Critical
AXA-20201229-1240-HSE,205,Operator,Victor,279.08,failed,Critical
AXA-20201230-1245-CBS,211,Operator,Kerry,333.05,failed,Critical
AXA-20201230-1247-WLESS,211,Operator,Kerry,340.1,failed,Critical
AXA-20201230-1250-WLESS,205,Operator,Victor,201.33,failed,Critical
AXA-20201231-1252-HSE,207,Operator,Victor,274.3,failed,Critical
AXA-20201229-1255-HSE,226,Operator,Seun,197.42,failed,Critical
AXA-20201231-1256-HSE,220,Operator,Wale,302.13,failed,Critical
AXA-20201230-1258-HSE,213,Operator,Kerry,339.05,failed,Critical
AXA-20201231-1261-HSE,218,Operator,Wale,261.07,failed,Critical
AXA-20201231-1263-HSE,206,Operator,Victor,252.35,failed,Critical
AXA-20201230-1264-HSE,206,Operator,Victor,337.12,failed,Critical
AXA-20201231-1265-HSE,202,Operator,Victor,324.35,failed,Critical
AXA-20201230-1266-HSE,214,Operator,Kerry,265.6,failed,Critical
AXA-20201231-1269-HSE,203,Operator,Victor,259.47,failed,Critical
AXA-20201229-1270-HSE,224,Operator,Seun,264.43,failed,Critical
AXA-20201231-1271-HSE,210,Operator,Kerry,208.42,failed,Critical
AXA-20201231-1273-HSE,201,Operator,Victor,314.35,failed,Critical
AXA-20201231-1274-HSE,208,Operator,Kerry,259.42,failed,Critical
AXA-20201231-1276-WLESS,219,Operator,Wale,279.5,failed,Critical
AXA-20201229-1277-WLESS,224,Operator,Seun,196.63,failed,Critical
AXA-20201231-1278-WLESS,228,Operator,Seun,278.8,failed,Critical
AXA-20201231-1279-WLESS,209,Operator,Kerry,187.08,failed,Critical
AXA-20201230-1281-WLESS,207,Operator,Victor,273.03,failed,Critical
AXA-20201230-1290-HSE,208,Operator,Kerry,182.32,failed,Critical
AXA-20201229-1294-WLESS,211,Operator,Kerry,338.32,failed,Critical
AXA-20201231-1296-WLESS,213,Operator,Kerry,187.2,failed,Critical
AXA-20201230-1300-WLESS,209,Operator,Kerry,311.58,failed,Critical
AXA-20201231-1303-WLESS,216,Operator,Wale,276.78,failed,Critical
AXA-20201231-1305-WLESS,216,Operator,Wale,193.47,failed,Critical
AXA-20201229-1309-WLESS,214,Operator,Kerry,325.8,failed,Critical
AXA-20201231-1312-C95,203,Operator,Victor,180.25,failed,Critical
AXA-20201231-1313-C100,221,Operator,Wale,215.23,failed,Critical
AXA-20201231-1315-WLESS,215,Operator,Wale,333.62,failed,Critical
AXA-20201231-1316-WLESS,218,Operator,Wale,188.8,failed,Critical
AXA-20201231-1317-WLESS,210,Operator,Kerry,257.32,failed,Critical
AXA-20201229-1319-CBS,210,Operator,Kerry,285.8,failed,Critical
AXA-20201230-1321-WLESS,214,Operator,Kerry,334.07,failed,Critical
AXA-20201229-1322-WLESS,201,Operator,Victor,252.2,failed,Critical
AXA-20201231-1325-WLESS,215,Operator,Wale,188.45,failed,Critical
AXA-20201231-1326-WLESS,208,Operator,Kerry,245.78,failed,Critical
AXA-20201231-1328-WLESS,203,Operator,Victor,193.3,failed,Critical
AXA-20201230-1330-WLESS,207,Operator,Victor,261.63,failed,Critical
AXA-20201230-1331-WLESS,228,Operator,Seun,196.13,failed,Critical
AXA-20201230-1334-WLESS,201,Operator,Victor,254.12,failed,Critical
AXA-20201231-1335-WLESS,201,Operator,Victor,193.6,failed,Critical
AXA-20201231-1336-WLESS,206,Operator,Victor,244.7,failed,Critical
AXA-20201231-1337-WLESS,212,Operator,Kerry,283.05,failed,Critical
AXA-20201229-1338-WLESS,227,Operator,Seun,309.43,failed,Critical
AXA-20201229-1340-WLESS,227,Operator,Seun,278.43,failed,Critical
AXA-20201230-1342-CBS,204,Operator,Victor,283.03,failed,Critical
AXA-20201230-1344-WLESS,202,Operator,Victor,205.55,failed,Critical
AXA-20201230-1345-WLESS,203,Operator,Victor,337.65,failed,Critical
AXA-20201230-1346-WLESS,203,Operator,Victor,214.42,failed,Critical
AXA-20201230-1347-WLESS,207,Operator,Victor,221.6,failed,Critical
AXA-20201229-1348-WLESS,201,Operator,Victor,256.23,failed,Critical
AXA-20201230-1349-WLESS,205,Operator,Victor,215.27,failed,Critical
AXA-20201229-1350-WLESS,214,Operator,Kerry,345.7,failed,Critical
AXA-20201231-1351-WLESS,204,Operator,Victor,221.4,failed,Critical
AXA-20201231-1352-WLESS,212,Operator,Kerry,248.4,failed,Critical
AXA-20201231-1353-WLESS,213,Operator,Kerry,186.03,failed,Critical
AXA-20201231-1354-WLESS,205,Operator,Victor,265.05,failed,Critical
AXA-20201231-1355-WLESS,201,Operator,Victor,342.8,failed,Critical
AXA-20201231-1357-WLESS,207,Operator,Victor,344.25,failed,Critical
AXA-20201230-1358-WLESS,208,Operator,Kerry,180.6,failed,Critical
AXA-20201231-1361-WLESS,202,Operator,Victor,314.28,failed,Critical
AXA-20201230-1365-WLESS,205,Operator,Victor,187.53,failed,Critical
AXA-20201230-1367-WLESS,207,Operator,Victor,192.77,failed,Critical
AXA-20201230-1368-WLESS,210,Operator,Kerry,251.57,failed,Critical
AXA-20201231-1369-WLESS,209,Operator,Kerry,243.18,failed,Critical
AXA-20201231-1374-WLESS,204,Operator,Victor,276.48,failed,Critical
AXA-20201230-1378-WLESS,206,Operator,Victor,345.3,failed,Critical
AXA-20201230-1379-WLESS,204,Operator,Victor,266.15,failed,Critical
AXA-20201229-1383-CBS,206,Operator,Victor,218.1,failed,Critical
AXA-20201229-1388-CBS,212,Operator,Kerry,266.75,failed,Critical
AXA-20201230-1390-CBS,206,Operator,Victor,343.28,failed,Critical
AXA-20201229-1394-CBS,206,Operator,Victor,277.73,failed,Critical
AXA-20201229-1397-CBS,210,Operator,Kerry,267.62,failed,Critical
AXA-20201229-1400-WLESS,214,Operator,Kerry,275.5,failed,Critical
AXA-20201231-1401-CBS,204,Operator,Victor,198.15,failed,Critical
AXA-20201230-1402-WLESS,206,Operator,Victor,337.25,failed,Critical
AXA-20201230-1403-WLESS,222,Operator,Seun,345.8,failed,Critical
AXA-20201230-1404-WLESS,228,Operator,Seun,250.7,failed,Critical
AXA-20201229-1405-CBS,223,Operator,Seun,270.53,failed,Critical
AXA-20201231-1406-WLESS,210,Operator,Kerry,279.05,failed,Critical
AXA-20201231-1408-WLESS,209,Operator,Kerry,181.67,failed,Critical
AXA-20201231-1409-WLESS,210,Operator,Kerry,247.68,failed,Critical
AXA-20201229-1410-WLESS,212,Operator,Kerry,245.5,failed,Critical
AXA-20201229-1412-CBS,226,Operator,Seun,243.3,failed,Critical
AXA-20201231-1416-HSE,221,Operator,Wale,264.27,failed,Critical
AXA-20201230-1417-HSE,207,Operator,Victor,273.45,failed,Critical
AXA-20201230-1419-CBS,209,Operator,Kerry,317.72,failed,Critical
AXA-20201231-1420-HSE,217,Operator,Wale,275.1,failed,Critical
AXA-20201230-1421-HSE,209,Operator,Kerry,254.1,failed,Critical
AXA-20201229-1423-HSE,224,Operator,Seun,267.73,failed,Critical
AXA-20201230-1425-HSE,205,Operator,Victor,268.45,failed,Critical
AXA-20201230-1427-HSE,211,Operator,Kerry,259.3,failed,Critical
AXA-20201230-1428-HSE,210,Operator,Kerry,215.03,failed,Critical
AXA-20201229-1429-HSE,209,Operator,Kerry,198.6,failed,Critical
AXA-20201231-1430-VOICE,211,Operator,Kerry,246.8,failed,Critical
AXA-20201229-1433-WLESS,201,Operator,Victor,279.68,failed,Critical
AXA-20201229-1434-WLESS,208,Operator,Kerry,222.2,failed,Critical
AXA-20201231-1435-WLESS,209,Operator,Kerry,282.18,failed,Critical
AXA-20201229-1436-WLESS,213,Operator,Kerry,249.25,failed,Critical
AXA-20201230-1441-MCON,224,Operator,Seun,204.63,failed,Critical
AXA-20201231-1444-WLESS,203,Operator,Victor,185.18,failed,Critical
AXA-20201229-1450-WLESS,214,Operator,Kerry,302.08,failed,Critical
AXA-20201229-1454-HSE,209,Operator,Kerry,276.48,failed,Critical
AXA-20201230-1457-HSE,212,Operator,Kerry,307.03,failed,Critical
AXA-20201230-1460-WLESS,222,Operator,Seun,225.58,failed,Critical
AXA-20201230-1462-HSE,211,Operator,Kerry,223.65,failed,Critical
AXA-20201231-1463-HSE,216,Operator,Wale,218.35,failed,Critical
AXA-20201231-1464-HSE,218,Operator,Wale,253.63,failed,Critical
AXA-20201229-1469-WLESS,210,Operator,Kerry,312.53,failed,Critical
AXA-20201231-1471-WLESS,209,Operator,Kerry,284.28,failed,Critical
AXA-20201231-1474-WLESS,217,Operator,Wale,318.5,failed,Critical
AXA-20201229-1477-WLESS,202,Operator,Victor,312.18,failed,Critical
AXA-20201231-1478-WLESS,216,Operator,Wale,198.35,failed,Critical
AXA-20201230-1479-WLESS,206,Operator,Victor,217.48,failed,Critical
AXA-20201229-1480-WLESS,223,Operator,Seun,329.45,failed,Critical
AXA-20201231-1482-HSE,223,Operator,Seun,205.78,failed,Critical
AXA-20201231-1483-HSE,204,Operator,Victor,269.12,failed,Critical
AXA-20201231-1484-HSE,202,Operator,Victor,195.3,failed,Critical
AXA-20201231-1485-HSE,201,Operator,Victor,199.67,failed,Critical
AXA-20201230-1486-HSE,202,Operator,Victor,309.6,failed,Critical
AXA-20201230-1487-HSE,223,Operator,Seun,270.32,failed,Critical
AXA-20201231-1488-WLESS,212,Operator,Kerry,327.53,failed,Critical
AXA-20201231-1489-WLESS,213,Operator,Kerry,302.58,failed,Critical
AXA-20201229-1492-WLESS,223,Operator,Seun,329.43,failed,Critical
AXA-20201231-1495-WLESS,202,Operator,Victor,272.42,failed,Critical
AXA-20201230-1498-HSE,204,Operator,Victor,217.22,failed,Critical
AXA-20201230-1501-VOICE,206,Operator,Victor,343.52,failed,Critical
AXA-20201230-1502-VOICE,205,Operator,Victor,190.25,failed,Critical
AXA-20201229-1505-HSE,222,Operator,Seun,224.55,failed,Critical
AXA-20201231-1509-HSE,209,Operator,Kerry,220.07,failed,Critical
AXA-20201229-1511-HSE,204,Operator,Victor,184.33,failed,Critical
AXA-20201231-1512-HSE,207,Operator,Victor,206.3,failed,Critical
AXA-20201231-1517-HSE,214,Operator,Kerry,306.45,failed,Critical
AXA-20201231-1520-HSE,202,Operator,Victor,343.03,failed,Critical
AXA-20201230-1521-HSE,201,Operator,Victor,243.1,failed,Critical
AXA-20201231-1523-HSE,203,Operator,Victor,324.63,failed,Critical
AXA-20201230-1525-HSE,207,Operator,Victor,320.6,failed,Critical
AXA-20201229-1526-HSE,214,Operator,Kerry,337.77,failed,Critical
AXA-20201231-1529-CBS,201,Operator,Victor,192.17,failed,Critical
AXA-20201230-1531-WLESS,209,Operator,Kerry,208.75,failed,Critical
AXA-20201229-1532-WLESS,223,Operator,Seun,181.1,failed,Critical
AXA-20201231-1533-WLESS,215,Operator,Wale,307.17,failed,Critical
AXA-20201229-1535-CBS,223,Operator,Seun,275.07,failed,Critical
AXA-20201230-1536-VOICE,208,Operator,Kerry,183.12,failed,Critical
AXA-20201231-1538-VOICE,203,Operator,Victor,305.2,failed,Critical
AXA-20201231-1539-VOICE,203,Operator,Victor,321.43,failed,Critical
AXA-20201231-1541-HSE,210,Operator,Kerry,262.72,failed,Critical
AXA-20201231-1542-HSE,220,Operator,Wale,342.2,failed,Critical
AXA-20201230-1544-HSE,207,Operator,Victor,268.42,failed,Critical
AXA-20201230-1545-HSE,207,Operator,Victor,187.52,failed,Critical
AXA-20201230-1547-HSE,203,Operator,Victor,325.63,failed,Critical
AXA-20201230-1548-HSE,201,Operator,Victor,332.07,failed,Critical
AXA-20201230-1549-HSE,202,Operator,Victor,317.13,failed,Critical
AXA-20201230-1551-HSE,206,Operator,Victor,313.32,failed,Critical
AXA-20201229-1554-HSE,222,Operator,Seun,279.68,failed,Critical
AXA-20201229-1558-HSE,209,Operator,Kerry,220.5,failed,Critical
AXA-20201230-1560-VOICE,204,Operator,Victor,205.48,failed,Critical
AXA-20201230-1564-WLESS,227,Operator,Seun,263.68,failed,Critical
AXA-20201229-1565-WLESS,204,Operator,Victor,323.23,failed,Critical
AXA-20201230-1566-WLESS,203,Operator,Victor,187.2,failed,Critical
AXA-20201230-1573-WLESS,201,Operator,Victor,255.63,failed,Critical
AXA-20201229-1576-WLESS,211,Operator,Kerry,263.07,failed,Critical
AXA-20201229-1578-WLESS,228,Operator,Seun,338.03,failed,Critical
AXA-20201229-1581-WLESS,204,Operator,Victor,268.8,failed,Critical
AXA-20201230-1584-WLESS,214,Operator,Kerry,309.3,failed,Critical
AXA-20201230-1585-WLESS,208,Operator,Kerry,187.03,failed,Critical
AXA-20201229-1586-WLESS,222,Operator,Seun,277.15,failed,Critical
AXA-20201230-1588-WLESS,223,Operator,Seun,207.17,failed,Critical
AXA-20201230-1589-WLESS,207,Operator,Victor,261.47,failed,Critical
AXA-20201231-1595-CBS,201,Operator,Victor,262.08,failed,Critical
AXA-20201231-1597-WLESS,212,Operator,Kerry,253.7,failed,Critical
AXA-20201231-1598-WLESS,209,Operator,Kerry,340.65,failed,Critical
AXA-20201230-1605-WLESS,201,Operator,Victor,198.08,failed,Critical
AXA-20201229-1606-WLESS,201,Operator,Victor,301.22,failed,Critical
AXA-20201230-1609-WLESS,204,Operator,Victor,319.18,failed,Critical
AXA-20201229-1611-WLESS,207,Operator,Victor,196.07,failed,Critical
AXA-20201229-1614-WLESS,203,Operator,Victor,212.2,failed,Critical
AXA-20201230-1616-WLESS,206,Operator,Victor,223.62,failed,Critical
AXA-20201229-1617-WLESS,203,Operator,Victor,311.4,failed,Critical
AXA-20201231-1618-WLESS,207,Operator,Victor,272.6,failed,Critical
AXA-20201231-1619-WLESS,210,Operator,Kerry,251.57,failed,Critical
AXA-20201231-1621-HSE,212,Operator,Kerry,285.62,failed,Critical
AXA-20201230-1628-HSE,203,Operator,Victor,205.65,failed,Critical
AXA-20201231-1631-HSE,214,Operator,Kerry,271.72,failed,Critical
AXA-20201231-1632-HSE,221,Operator,Wale,340.37,failed,Critical
AXA-20201229-1634-HSE,216,Operator,Wale,320.35,failed,Critical
AXA-20201229-1636-HSE,209,Operator,Kerry,269.72,failed,Critical
AXA-20201231-1639-HSE,201,Operator,Victor,304.15,failed,Critical
AXA-20201230-1640-HSE,205,Operator,Victor,251.42,failed,Critical
AXA-20201231-1641-HSE,207,Operator,Victor,223.37,failed,Critical
AXA-20201230-1645-HSE,215,Operator,Wale,193.48,failed,Critical
AXA-20201231-1647-HSE,221,Operator,Wale,200.53,failed,Critical
AXA-20201230-1648-HSE,212,Operator,Kerry,242.15,failed,Critical
AXA-20201231-1649-HSE,207,Operator,Victor,194.18,failed,Critical
AXA-20201230-1650-HSE,214,Operator,Kerry,267.17,failed,Critical
AXA-20201230-1651-HSE,212,Operator,Kerry,180.33,failed,Critical
AXA-20201231-1658-HSE,221,Operator,Wale,277.33,failed,Critical
AXA-20201231-1659-HSE,215,Operator,Wale,269.3,failed,Critical
AXA-20201229-1660-HSE,204,Operator,Victor,221.47,failed,Critical
AXA-20201230-1664-HSE,205,Operator,Victor,225.53,failed,Critical
AXA-20201231-1666-HSE,203,Operator,Victor,254.75,failed,Critical
AXA-20201230-1667-HSE,202,Operator,Victor,266.05,failed,Critical
AXA-20201231-1668-HSE,204,Operator,Victor,330.55,failed,Critical
AXA-20201231-1671-HSE,201,Operator,Victor,196.32,failed,Critical
AXA-20201230-1673-HSE,202,Operator,Victor,272.35,failed,Critical
AXA-20201229-1674-HSE,202,Operator,Victor,210.15,failed,Critical
AXA-20201231-1675-WLESS,206,Operator,Victor,225.48,failed,Critical
AXA-20201231-1680-HSE,205,Operator,Victor,213.52,failed,Critical
AXA-20201230-1681-HSE,224,Operator,Seun,222.15,failed,Critical
AXA-20201231-1683-HSE,223,Operator,Seun,241.68,failed,Critical
AXA-20201230-1684-HSE,205,Operator,Victor,279.5,failed,Critical
AXA-20201231-1686-HSE,215,Operator,Wale,181.48,failed,Critical
AXA-20201231-1691-HSE,213,Operator,Kerry,303.3,failed,Critical
AXA-20201231-1695-HSE,202,Operator,Victor,194.12,failed,Critical
AXA-20201231-1696-HSE,212,Operator,Kerry,265.33,failed,Critical
AXA-20201231-1698-WLESS,207,Operator,Victor,211.32,failed,Critical
AXA-20201231-1699-WLESS,203,Operator,Victor,245.32,failed,Critical
AXA-20201230-1702-WLESS,203,Operator,Victor,195.28,failed,Critical
AXA-20201230-1703-WLESS,202,Operator,Victor,266.5,failed,Critical
AXA-20201229-1708-WLESS,207,Operator,Victor,250.35,failed,Critical
AXA-20201231-1710-WLESS,203,Operator,Victor,327.68,failed,Critical
AXA-20201231-1711-WLESS,221,Operator,Wale,187.08,failed,Critical
AXA-20201231-1713-WLESS,214,Operator,Kerry,224.12,failed,Critical
AXA-20201230-1715-WLESS,211,Operator,Kerry,273.38,failed,Critical
AXA-20201231-1718-WLESS,210,Operator,Kerry,303.48,failed,Critical
AXA-20201230-1725-WLESS,210,Operator,Kerry,184.73,failed,Critical
AXA-20201230-1726-WLESS,204,Operator,Victor,192.1,failed,Critical
AXA-20201231-1729-WLESS,218,Operator,Wale,335.65,failed,Critical
AXA-20201230-1732-WLESS,216,Operator,Wale,246.6,failed,Critical
AXA-20201229-1737-WLESS,206,Operator,Victor,315.62,failed,Critical
AXA-20201229-1740-WLESS,206,Operator,Victor,217.68,failed,Critical
AXA-20201229-1745-WLESS,214,Operator,Kerry,250.53,failed,Critical
AXA-20201230-1756-WLESS,214,Operator,Kerry,251.32,failed,Critical
AXA-20201230-1758-WLESS,222,Operator,Seun,208.73,failed,Critical
AXA-20201229-1759-WLESS,228,Operator,Seun,319.2,failed,Critical
AXA-20201231-1765-WLESS,220,Operator,Wale,263.18,failed,Critical
AXA-20201231-1766-WLESS,218,Operator,Wale,216.8,failed,Critical
AXA-20201231-1767-WLESS,221,Operator,Wale,306.63,failed,Critical
AXA-20201231-1769-WLESS,206,Operator,Victor,280.6,failed,Critical
AXA-20201230-1770-WLESS,204,Operator,Victor,271.03,failed,Critical
AXA-20201230-1771-WLESS,211,Operator,Kerry,268.3,failed,Critical
AXA-20201230-1772-WLESS,213,Operator,Kerry,265.68,failed,Critical
AXA-20201231-1778-WLESS,218,Operator,Wale,221.73,failed,Critical
AXA-20201230-1779-WLESS,204,Operator,Victor,252.68,failed,Critical
AXA-20201229-1780-WLESS,204,Operator,Victor,260.37,failed,Critical
AXA-20201230-1783-WLESS,201,Operator,Victor,304.3,failed,Critical
AXA-20201231-1788-WLESS,225,Operator,Seun,251.28,failed,Critical
AXA-20201230-1792-WLESS,223,Operator,Seun,280.73,failed,Critical
AXA-20201229-1793-WLESS,207,Operator,Victor,328.52,failed,Critical
AXA-20201230-1795-WLESS,209,Operator,Kerry,248.68,failed,Critical
AXA-20201229-1796-WLESS,203,Operator,Victor,209.35,failed,Critical
AXA-20201229-1797-HSE,210,Operator,Kerry,320.18,failed,Critical
AXA-20201229-1798-HSE,225,Operator,Seun,204.57,failed,Critical
AXA-20201231-1802-HSE,216,Operator,Wale,326.47,failed,Critical
AXA-20201231-1803-HSE,211,Operator,Kerry,285.18,failed,Critical
AXA-20201231-1804-HSE,221,Operator,Wale,274.5,failed,Critical
AXA-20201230-1807-HSE,207,Operator,Victor,259.5,failed,Critical
AXA-20201229-1808-HSE,227,Operator,Seun,198.23,failed,Critical
AXA-20201230-1809-HSE,226,Operator,Seun,222.15,failed,Critical
AXA-20201230-1810-HSE,204,Operator,Victor,272.65,failed,Critical
AXA-20201229-1812-HSE,227,Operator,Seun,207.55,failed,Critical
AXA-20201231-1821-WLESS,205,Operator,Victor,283.12,failed,Critical
AXA-20201230-1823-HSE,201,Operator,Victor,329.32,failed,Critical
AXA-20201230-1824-HSE,207,Operator,Victor,300.23,failed,Critical
AXA-20201230-1832-WLESS,207,Operator,Victor,180.8,failed,Critical
AXA-20201231-1834-MCON,210,Operator,Kerry,223.2,failed,Critical
AXA-20201231-1835-MCON,208,Operator,Kerry,202.15,failed,Critical
AXA-20201229-1839-WLESS,226,Operator,Seun,218.1,failed,Critical
AXA-20201229-1840-CBS,211,Operator,Kerry,208.33,failed,Critical
AXA-20201231-1842-HSE,210,Operator,Kerry,335.62,failed,Critical
AXA-20201231-1843-HSE,212,Operator,Kerry,327.53,failed,Critical
AXA-20201229-1844-HSE,223,Operator,Seun,336.1,failed,Critical
AXA-20201231-1845-HSE,207,Operator,Victor,308.27,failed,Critical
AXA-20201229-1847-HSE,207,Operator,Victor,194.63,failed,Critical
AXA-20201231-1848-HSE,204,Operator,Victor,335.18,failed,Critical
AXA-20201231-1849-HSE,202,Operator,Victor,336.48,failed,Critical
AXA-20201230-1851-HSE,201,Operator,Victor,184.7,failed,Critical
AXA-20201229-1853-HSE,223,Operator,Seun,213.33,failed,Critical
AXA-20201229-1857-HSE,224,Operator,Seun,262.25,failed,Critical
AXA-20201230-1866-HSE,207,Operator,Victor,271.13,failed,Critical
AXA-20201229-1868-CBS,206,Operator,Victor,313.73,failed,Critical
AXA-20201231-1872-WLESS,217,Operator,Wale,284.43,failed,Critical
AXA-20201229-1874-WLESS,201,Operator,Victor,336.45,failed,Critical
AXA-20201231-1879-MCON,209,Operator,Kerry,245.22,failed,Critical
AXA-20201230-1880-MCON,208,Operator,Kerry,194.78,failed,Critical
AXA-20201231-1883-C95,202,Operator,Victor,317.03,failed,Critical
AXA-20201229-1885-HSE,224,Operator,Seun,281.38,failed,Critical
AXA-20201229-1886-WLESS,208,Operator,Kerry,273.25,failed,Critical
AXA-20201231-1887-WLESS,201,Operator,Victor,260.3,failed,Critical
AXA-20201230-1888-WLESS,222,Operator,Seun,332.6,failed,Critical
AXA-20201229-1890-WLESS,214,Operator,Kerry,331.73,failed,Critical
AXA-20201229-1891-CBS,209,Operator,Kerry,198.18,failed,Critical
AXA-20201229-1898-CBS,222,Operator,Seun,248.47,failed,Critical
AXA-20201231-1899-WLESS,226,Operator,Seun,344.77,failed,Critical
AXA-20201229-1903-WLESS,228,Operator,Seun,263.53,failed,Critical
AXA-20201231-1904-WLESS,211,Operator,Kerry,308.18,failed,Critical
AXA-20201229-1905-WLESS,208,Operator,Kerry,264.48,failed,Critical
AXA-20201230-1907-WLESS,214,Operator,Kerry,264.73,failed,Critical
AXA-20201229-1909-WLESS,227,Operator,Seun,309.25,failed,Critical
AXA-20201231-1910-CBS,203,Operator,Victor,309.07,failed,Critical
AXA-20201229-1911-CBS,201,Operator,Victor,330.37,failed,Critical
AXA-20201230-1912-MAC,211,Operator,Kerry,281.33,failed,Critical
AXA-20201230-1919-HSE,203,Operator,Victor,191.2,failed,Critical
AXA-20201230-1920-HSE,202,Operator,Victor,310.2,failed,Critical
AXA-20201229-1921-HSE,225,Operator,Seun,187.65,failed,Critical
AXA-20201229-1922-HSE,225,Operator,Seun,340.25,failed,Critical
AXA-20201231-1924-HSE,210,Operator,Kerry,249.5,failed,Critical
AXA-20201231-1926-HSE,211,Operator,Kerry,260.63,failed,Critical
AXA-20201230-1928-HSE,213,Operator,Kerry,213.08,failed,Critical
AXA-20201229-1929-HSE,208,Operator,Kerry,319.28,failed,Critical
AXA-20201230-1937-HSE,209,Operator,Kerry,284.58,failed,Critical
AXA-20201231-1940-HSE,221,Operator,Wale,337.58,failed,Critical
AXA-20201231-1943-WLESS,207,Operator,Victor,194.15,failed,Critical
AXA-20201231-1948-WLESS,202,Operator,Victor,245.68,failed,Critical
AXA-20201230-1949-WLESS,206,Operator,Victor,184.33,failed,Critical
AXA-20201229-1950-WLESS,205,Operator,Victor,325.47,failed,Critical
AXA-20201230-1952-WLESS,204,Operator,Victor,192.52,failed,Critical
AXA-20201231-1953-WLESS,206,Operator,Victor,308.78,failed,Critical
AXA-20201229-1954-WLESS,225,Operator,Seun,204.72,failed,Critical
AXA-20201231-1955-WLESS,216,Operator,Wale,244.3,failed,Critical
AXA-20201230-1956-WLESS,204,Operator,Victor,317.65,failed,Critical
AXA-20201229-1957-WLESS,228,Operator,Seun,213.08,failed,Critical
AXA-20201230-1960-WLESS,228,Operator,Seun,182.55,failed,Critical
AXA-20201231-1963-WLESS,219,Operator,Wale,283.27,failed,Critical
AXA-20201230-1964-WLESS,203,Operator,Victor,337.72,failed,Critical
AXA-20201231-1965-WLESS,201,Operator,Victor,209.52,failed,Critical
AXA-20201230-1966-WLESS,211,Operator,Kerry,195.3,failed,Critical
AXA-20201229-1967-WLESS,204,Operator,Victor,260.07,failed,Critical
AXA-20201230-1971-WLESS,224,Operator,Seun,210.07,failed,Critical
AXA-20201231-1972-WLESS,216,Operator,Wale,214.43,failed,Critical
AXA-20201231-1974-WLESS,218,Operator,Wale,328.53,failed,Critical
AXA-20201230-1975-WLESS,204,Operator,Victor,183.58,failed,Critical
AXA-20201229-1978-WLESS,204,Operator,Victor,340.13,failed,Critical
AXA-20201231-1979-WLESS,210,Operator,Kerry,181.32,failed,Critical
AXA-20201230-1982-WLESS,205,Operator,Victor,199.48,failed,Critical
AXA-20201231-1983-WLESS,201,Operator,Victor,218.03,failed,Critical
AXA-20201230-1986-WLESS,205,Operator,Victor,254.45,failed,Critical
AXA-20201229-1988-WLESS,225,Operator,Seun,222.73,failed,Critical
AXA-20201229-1989-WLESS,220,Operator,Wale,217.27,failed,Critical
AXA-20201230-1991-WLESS,221,Operator,Wale,323.12,failed,Critical
AXA-20201230-1992-WLESS,226,Operator,Seun,248.4,failed,Critical
AXA-20201231-1994-WLESS,207,Operator,Victor,223.72,failed,Critical
AXA-20201230-1996-WLESS,201,Operator,Victor,213.15,failed,Critical
AXA-20201229-1997-WLESS,201,Operator,Victor,341.17,failed,Critical
AXA-20201231-1998-WLESS,203,Operator,Victor,312.17,failed,Critical
AXA-20201231-2000-WLESS,201,Operator,Victor,222.3,failed,Critical
AXA-20201230-2001-WLESS,205,Operator,Victor,305.75,failed,Critical
AXA-20201229-2002-WLESS,207,Operator,Victor,199.68,failed,Critical
AXA-20201231-2003-WLESS,203,Operator,Victor,250.22,failed,Critical
AXA-20201229-2005-WLESS,203,Operator,Victor,193.53,failed,Critical
AXA-20201230-2007-WLESS,202,Operator,Victor,201.32,failed,Critical
AXA-20201230-2014-WLESS,222,Operator,Seun,241.67,failed,Critical
AXA-20201231-2016-CBS,214,Operator,Kerry,242.1,failed,Critical
AXA-20201231-2018-WLESS,207,Operator,Victor,274.03,failed,Critical
AXA-20201231-2021-WLESS,203,Operator,Victor,223.23,failed,Critical
AXA-20201230-2022-WLESS,205,Operator,Victor,263.35,failed,Critical
AXA-20201229-2023-WLESS,201,Operator,Victor,191.78,failed,Critical
AXA-20201230-2025-HSE,202,Operator,Victor,261.77,failed,Critical
AXA-20201229-2026-HSE,205,Operator,Victor,182.03,failed,Critical
AXA-20201231-2032-HSE,221,Operator,Wale,329.63,failed,Critical
AXA-20201229-2034-HSE,206,Operator,Victor,259.07,failed,Critical
AXA-20201230-2036-WiFi9,213,Operator,Kerry,240.8,failed,Critical
AXA-20201231-2037-WLESS,213,Operator,Kerry,255.47,failed,Critical
AXA-20201231-2049-HSE,214,Operator,Kerry,281.52,failed,Critical
AXA-20201231-2051-HSE,215,Operator,Wale,252.25,failed,Critical
AXA-20201230-2054-HSE,206,Operator,Victor,251.1,failed,Critical
AXA-20201229-2055-HSE,203,Operator,Victor,224.55,failed,Critical
AXA-20201231-2058-WLESS,203,Operator,Victor,263.18,failed,Critical
AXA-20201229-2061-WLESS,214,Operator,Kerry,304.23,failed,Critical
AXA-20201231-2062-WLESS,220,Operator,Wale,182.1,failed,Critical
AXA-20201230-2067-WLESS,209,Operator,Kerry,197.43,failed,Critical
AXA-20201229-2068-WLESS,214,Operator,Kerry,334.15,failed,Critical
AXA-20201230-2070-WLESS,202,Operator,Victor,323.73,failed,Critical
AXA-20201230-2072-WLESS,204,Operator,Victor,345.4,failed,Critical
AXA-20201231-2073-WLESS,208,Operator,Kerry,206.08,failed,Critical
AXA-20201207-2076-WiFi4,205,Operator,Victor,268.3,failed,Critical
AXA-20201228-2079-WLESS,201,Operator,Victor,207.03,failed,Critical
AXA-20201218-2081-WiFi5,206,Operator,Victor,343.73,failed,Critical
AXA-20201226-2082-WiFi11,209,Operator,Kerry,224.03,failed,Critical
AXA-20201206-2086-WLESS,210,Operator,Kerry,268.42,failed,Critical
AXA-20201228-2087-WLESS,202,Operator,Victor,341.17,failed,Critical
AXA-20201222-2089-WiFi6,208,Operator,Kerry,185.27,failed,Critical
AXA-20201205-2092-VOICE,202,Operator,Victor,223.52,failed,Critical
AXA-20201221-2093-WiFi4,213,Operator,Kerry,254.75,failed,Critical
AXA-20201214-2094-WiFi9,209,Operator,Kerry,303.17,failed,Critical
AXA-20201217-2095-WiFi8,228,Operator,Seun,259.07,failed,Critical
AXA-20201207-2099-WiFi4,208,Operator,Kerry,317.68,failed,Critical
AXA-20201222-2104-WLESS,202,Operator,Victor,240.37,failed,Critical
AXA-20201223-2109-WiFi5,205,Operator,Victor,182.25,failed,Critical
AXA-20201214-2112-HSE,224,Operator,Seun,250.05,failed,Critical
AXA-20201219-2115-WiFi7,207,Operator,Victor,278.43,failed,Critical
AXA-20201211-2122-VOICE,216,Operator,Wale,267.23,failed,Critical
AXA-20201205-2123-ICS,212,Operator,Kerry,251.2,failed,Critical
AXA-20201224-2124-VOICE,202,Operator,Victor,285.5,failed,Critical
AXA-20201210-2126-CBS,204,Operator,Victor,221.53,failed,Critical
AXA-20201207-2127-WiFi8,205,Operator,Victor,328.1,failed,Critical
AXA-20201217-2128-WiFi5,207,Operator,Victor,310.12,failed,Critical
AXA-20201201-2129-WLESS,201,Operator,Victor,181.17,failed,Critical
AXA-20201224-2131-HSE,205,Operator,Victor,261.28,failed,Critical
AXA-20201208-2132-MAC,202,Operator,Victor,324.13,failed,Critical
AXA-20201211-2136-WiFi7,210,Operator,Kerry,207.32,failed,Critical
AXA-20201211-2137-WiFi8,218,Operator,Wale,255.73,failed,Critical
AXA-20201206-2139-C95,204,Operator,Victor,252.05,failed,Critical
AXA-20201201-2142-CBS,209,Operator,Kerry,341.32,failed,Critical
AXA-20201226-2144-EVOICE,220,Operator,Wale,180.75,failed,Critical
AXA-20201216-2148-WiFi3,210,Operator,Kerry,268.08,failed,Critical
AXA-20201204-2149-WLESS,213,Operator,Kerry,217.78,failed,Critical
AXA-20201226-2150-WiFi9,206,Operator,Victor,192.03,failed,Critical
AXA-20201223-2151-MAC,221,Operator,Wale,257.45,failed,Critical
AXA-20201216-2158-WLESS,211,Operator,Kerry,258.1,failed,Critical
AXA-20201223-2160-VOICE,201,Operator,Victor,280.72,failed,Critical
AXA-20201224-2161-WiFi10,228,Operator,Seun,205.47,failed,Critical
AXA-20201218-2162-WiFi8,218,Operator,Wale,325.6,failed,Critical
AXA-20201223-2163-MCON,218,Operator,Wale,329.67,failed,Critical
AXA-20201227-2164-MAC,227,Operator,Seun,331.32,failed,Critical
AXA-20201214-2165-WiFi8,227,Operator,Seun,242.15,failed,Critical
AXA-20201222-2166-WLESS,204,Operator,Victor,283.3,failed,Critical
AXA-20201218-2168-CBS,221,Operator,Wale,215.45,failed,Critical
AXA-20201228-2169-WiFi4,213,Operator,Kerry,315.33,failed,Critical
AXA-20201208-2171-WiFi4,204,Operator,Victor,199.13,failed,Critical
AXA-20201223-2172-WLESS,205,Operator,Victor,318.28,failed,Critical
AXA-20201210-2173-HSE,211,Operator,Kerry,312.63,failed,Critical
AXA-20201223-2175-WiFi5,212,Operator,Kerry,268.32,failed,Critical
AXA-20201202-2176-WiFi8,205,Operator,Victor,195.73,failed,Critical
AXA-20201209-2183-WLESS,211,Operator,Kerry,197.23,failed,Critical
AXA-20201216-2186-MAC,213,Operator,Kerry,320.45,failed,Critical
AXA-20201218-2187-ICS,207,Operator,Victor,322.2,failed,Critical
AXA-20201204-2188-C100,223,Operator,Seun,283.2,failed,Critical
AXA-20201209-2189-C95,206,Operator,Victor,318.2,failed,Critical
AXA-20201202-2194-WLESS,208,Operator,Kerry,207.35,failed,Critical
AXA-20201203-2196-MCON,205,Operator,Victor,275.6,failed,Critical
AXA-20201205-2199-WiFi6,225,Operator,Seun,185.37,failed,Critical
AXA-20201213-2200-WiFi3,212,Operator,Kerry,270.45,failed,Critical
AXA-20201211-2202-VOICE,223,Operator,Seun,277.43,failed,Critical
AXA-20201207-2205-MCON,210,Operator,Kerry,330.05,failed,Critical
AXA-20201224-2210-MCON,202,Operator,Victor,259.07,failed,Critical
AXA-20201225-2211-WiFi10,220,Operator,Wale,242.3,failed,Critical
AXA-20201202-2216-WiFi5,211,Operator,Kerry,252.1,failed,Critical
AXA-20201223-2217-WLESS,218,Operator,Wale,342.75,failed,Critical
AXA-20201203-2219-C100,201,Operator,Victor,309.52,failed,Critical
AXA-20201212-2222-WiFi3,206,Operator,Victor,210.27,failed,Critical
AXA-20201209-2223-MAC,205,Operator,Victor,325.58,failed,Critical
AXA-20201207-2224-MCON,204,Operator,Victor,310.12,failed,Critical
AXA-20201201-2225-WiFi11,214,Operator,Kerry,194.03,failed,Critical
AXA-20201206-2226-WiFi5,206,Operator,Victor,248.77,failed,Critical
AXA-20201216-2229-WLESS,213,Operator,Kerry,210.38,failed,Critical
AXA-20201222-2230-MAC,214,Operator,Kerry,310.42,failed,Critical
AXA-20201224-2233-WiFi10,206,Operator,Victor,280.77,failed,Critical
AXA-20201215-2237-WiFi6,205,Operator,Victor,262.08,failed,Critical
AXA-20201210-2240-C100,215,Operator,Wale,306.75,failed,Critical
AXA-20201211-2242-WiFi10,226,Operator,Seun,332.25,failed,Critical
AXA-20201208-2245-HSE,204,Operator,Victor,323.67,failed,Critical
AXA-20201206-2246-EVOICE,207,Operator,Victor,198.73,failed,Critical
AXA-20201228-2250-EVOICE,207,Operator,Victor,223.25,failed,Critical
AXA-20201220-2256-MAC,207,Operator,Victor,318.42,failed,Critical
AXA-20201219-2258-WiFi7,207,Operator,Victor,247.13,failed,Critical
AXA-20201216-2262-C95,208,Operator,Kerry,319.45,failed,Critical
AXA-20201221-2267-MCON,214,Operator,Kerry,261.2,failed,Critical
AXA-20201208-2270-WLESS,213,Operator,Kerry,255.12,failed,Critical
AXA-20201218-2271-WiFi8,219,Operator,Wale,301.62,failed,Critical
AXA-20201212-2272-WiFi3,203,Operator,Victor,285.07,failed,Critical
AXA-20201212-2273-WiFi9,202,Operator,Victor,269.15,failed,Critical
AXA-20201208-2277-WLESS,207,Operator,Victor,213.03,failed,Critical
AXA-20201211-2278-WiFi3,226,Operator,Seun,244.33,failed,Critical
AXA-20201211-2279-WLESS,205,Operator,Victor,204.27,failed,Critical
AXA-20201221-2280-HSE,201,Operator,Victor,319.15,failed,Critical
AXA-20201202-2281-WiFi7,210,Operator,Kerry,339.07,failed,Critical
AXA-20201202-2283-MCON,202,Operator,Victor,331.37,failed,Critical
AXA-20201217-2284-WLESS,207,Operator,Victor,336.7,failed,Critical
AXA-20201207-2286-WiFi4,210,Operator,Kerry,337.68,failed,Critical
AXA-20201209-2287-WiFi5,225,Operator,Seun,341.05,failed,Critical
AXA-20201201-2288-HSE,214,Operator,Kerry,247.73,failed,Critical
AXA-20201203-2290-WiFi11,205,Operator,Victor,271.05,failed,Critical
AXA-20201203-2291-CBS,226,Operator,Seun,195.07,failed,Critical
AXA-20201226-2294-C95,205,Operator,Victor,303.22,failed,Critical
AXA-20201206-2296-WiFi5,221,Operator,Wale,305.63,failed,Critical
AXA-20201206-2299-WiFi7,207,Operator,Victor,303.77,failed,Critical
AXA-20201220-2300-MAC,212,Operator,Kerry,218.13,failed,Critical
AXA-20201208-2304-C100,212,Operator,Kerry,274.6,failed,Critical
AXA-20201203-2311-WiFi11,212,Operator,Kerry,304.1,failed,Critical
AXA-20201225-2313-ICS,216,Operator,Wale,182.13,failed,Critical
AXA-20201225-2314-WiFi5,202,Operator,Victor,263.6,failed,Critical
AXA-20201224-2322-CBS,206,Operator,Victor,248.37,failed,Critical
AXA-20201225-2323-WiFi5,205,Operator,Victor,303.33,failed,Critical
AXA-20201218-2325-WiFi7,212,Operator,Kerry,337.32,failed,Critical
AXA-20201220-2335-MAC,203,Operator,Victor,279.57,failed,Critical
AXA-20201219-2337-HSE,204,Operator,Victor,213.67,failed,Critical
AXA-20201211-2338-MCON,218,Operator,Wale,330.8,failed,Critical
AXA-20201207-2341-ICS,222,Operator,Seun,300.2,failed,Critical
AXA-20201210-2343-WiFi10,213,Operator,Kerry,181.45,failed,Critical
AXA-20201211-2345-WiFi8,206,Operator,Victor,210.47,failed,Critical
AXA-20201210-2346-WiFi7,204,Operator,Victor,309.62,failed,Critical
AXA-20201213-2347-WiFi10,209,Operator,Kerry,213.17,failed,Critical
AXA-20201214-2348-WLESS,206,Operator,Victor,210.68,failed,Critical
AXA-20201212-2349-CBS,202,Operator,Victor,280.73,failed,Critical
AXA-20201226-2351-WiFi10,201,Operator,Victor,191.53,failed,Critical
AXA-20201214-2352-WLESS,218,Operator,Wale,217.75,failed,Critical
AXA-20201204-2355-EVOICE,208,Operator,Kerry,203.65,failed,Critical
AXA-20201215-2358-WiFi9,206,Operator,Victor,208.45,failed,Critical
AXA-20201218-2359-HSE,224,Operator,Seun,193.2,failed,Critical
AXA-20201209-2360-MCON,215,Operator,Wale,180.32,failed,Critical
AXA-20201206-2365-WiFi3,201,Operator,Victor,209.8,failed,Critical
AXA-20201216-2366-WiFi10,204,Operator,Victor,325.78,failed,Critical
AXA-20201220-2368-WiFi8,222,Operator,Seun,240.1,failed,Critical
AXA-20201204-2373-WiFi6,224,Operator,Seun,222.72,failed,Critical
AXA-20201228-2376-MCON,227,Operator,Seun,215.1,failed,Critical
AXA-20201205-2380-WiFi7,207,Operator,Victor,259.13,failed,Critical
AXA-20201228-2383-WiFi3,228,Operator,Seun,240.62,failed,Critical
AXA-20201224-2387-ICS,204,Operator,Victor,191.1,failed,Critical
AXA-20201218-2389-MCON,222,Operator,Seun,261.27,failed,Critical
AXA-20201227-2390-CBS,208,Operator,Kerry,250.35,failed,Critical
AXA-20201218-2391-MCON,202,Operator,Victor,190.28,failed,Critical
AXA-20201201-2393-HSE,218,Operator,Wale,285.1,failed,Critical
AXA-20201223-2396-HSE,227,Operator,Seun,323.27,failed,Critical
AXA-20201228-2397-WiFi9,220,Operator,Wale,278.12,failed,Critical
AXA-20201227-2399-ICS,219,Operator,Wale,192.42,failed,Critical
AXA-20201212-2400-HSE,213,Operator,Kerry,264.27,failed,Critical
AXA-20201207-2404-MCON,211,Operator,Kerry,318.08,failed,Critical
AXA-20201215-2405-WLESS,208,Operator,Kerry,254.15,failed,Critical
AXA-20201224-2407-EVOICE,206,Operator,Victor,198.12,failed,Critical
AXA-20201215-2410-WiFi7,218,Operator,Wale,330.52,failed,Critical
AXA-20201212-2414-WiFi4,203,Operator,Victor,255.35,failed,Critical
AXA-20201211-2416-WLESS,202,Operator,Victor,322.77,failed,Critical
AXA-20201221-2420-WiFi6,202,Operator,Victor,223.27,failed,Critical
AXA-20201215-2422-WiFi5,201,Operator,Victor,257.7,failed,Critical
AXA-20201208-2423-VOICE,223,Operator,Seun,199.03,failed,Critical
AXA-20201214-2424-HSE,201,Operator,Victor,205.03,failed,Critical
AXA-20201215-2425-ICS,210,Operator,Kerry,281.52,failed,Critical
AXA-20201225-2429-WiFi4,206,Operator,Victor,329.57,failed,Critical
AXA-20201210-2430-WLESS,218,Operator,Wale,192.6,failed,Critical
AXA-20201224-2432-EVOICE,201,Operator,Victor,259.45,failed,Critical
AXA-20201217-2433-WiFi5,202,Operator,Victor,207.47,failed,Critical
AXA-20201213-2438-WiFi7,220,Operator,Wale,252.35,failed,Critical
AXA-20201208-2440-WLESS,211,Operator,Kerry,183.5,failed,Critical
AXA-20201213-2441-WiFi4,211,Operator,Kerry,180.28,failed,Critical
AXA-20201212-2442-HSE,201,Operator,Victor,307.3,failed,Critical
AXA-20201211-2446-EVOICE,205,Operator,Victor,188.52,failed,Critical
AXA-20201217-2448-EVOICE,207,Operator,Victor,277.28,failed,Critical
AXA-20201221-2451-C95,203,Operator,Victor,330.65,failed,Critical
AXA-20201221-2455-WiFi8,201,Operator,Victor,282.53,failed,Critical
AXA-20201208-2456-WiFi7,208,Operator,Kerry,184.8,failed,Critical
AXA-20201206-2459-WLESS,225,Operator,Seun,217.22,failed,Critical
AXA-20201208-2461-HSE,226,Operator,Seun,276.57,failed,Critical
AXA-20201222-2462-WiFi7,212,Operator,Kerry,341.55,failed,Critical
AXA-20201224-2472-C95,212,Operator,Kerry,335.13,failed,Critical
AXA-20201209-2473-EVOICE,215,Operator,Wale,330.37,failed,Critical
AXA-20201210-2475-WiFi6,210,Operator,Kerry,211.07,failed,Critical
AXA-20201228-2477-MCON,204,Operator,Victor,222.42,failed,Critical
AXA-20201204-2478-WiFi8,211,Operator,Kerry,344.23,failed,Critical
AXA-20201214-2480-C95,206,Operator,Victor,241.78,failed,Critical
AXA-20201211-2483-MCON,201,Operator,Victor,327.45,failed,Critical
AXA-20201225-2484-C95,201,Operator,Victor,302.52,failed,Critical
AXA-20201216-2485-MAC,206,Operator,Victor,200.4,failed,Critical
AXA-20201227-2488-C100,221,Operator,Wale,182.38,failed,Critical
AXA-20201204-2489-HSE,214,Operator,Kerry,306.73,failed,Critical
AXA-20201201-2490-VOICE,203,Operator,Victor,322.62,failed,Critical
AXA-20201222-2492-WLESS,224,Operator,Seun,255.5,failed,Critical
AXA-20201228-2493-WiFi3,204,Operator,Victor,195.62,failed,Critical
AXA-20201204-2494-WiFi4,208,Operator,Kerry,248.73,failed,Critical
AXA-20201226-2496-WiFi7,206,Operator,Victor,181.48,failed,Critical
AXA-20201201-2497-C95,214,Operator,Kerry,200.68,failed,Critical
AXA-20201223-2500-WiFi4,210,Operator,Kerry,218.62,failed,Critical
AXA-20201227-2501-VOICE,213,Operator,Kerry,310.1,failed,Critical
AXA-20201202-2504-WiFi11,206,Operator,Victor,311.4,failed,Critical
AXA-20201221-2506-WLESS,207,Operator,Victor,281.33,failed,Critical
AXA-20201217-2510-MCON,206,Operator,Victor,332.77,failed,Critical
AXA-20201223-2511-WiFi3,201,Operator,Victor,215.3,failed,Critical
AXA-20201222-2516-WiFi6,205,Operator,Victor,251.12,failed,Critical
AXA-20201228-2517-WiFi10,206,Operator,Victor,326.6,failed,Critical
AXA-20201215-2518-WiFi3,215,Operator,Wale,260.13,failed,Critical
AXA-20201207-2519-WiFi11,201,Operator,Victor,330.78,failed,Critical
AXA-20201214-2521-WiFi7,205,Operator,Victor,336.32,failed,Critical
AXA-20201215-2524-CBS,204,Operator,Victor,264.33,failed,Critical
AXA-20201203-2525-WLESS,210,Operator,Kerry,197.45,failed,Critical
AXA-20201214-2526-WiFi9,202,Operator,Victor,280.5,failed,Critical
AXA-20201204-2528-HSE,204,Operator,Victor,337.3,failed,Critical
AXA-20201209-2529-MCON,207,Operator,Victor,198.73,failed,Critical
AXA-20201227-2534-WiFi5,201,Operator,Victor,195.33,failed,Critical
AXA-20201227-2535-HSE,201,Operator,Victor,305.58,failed,Critical
AXA-20201210-2537-WiFi5,205,Operator,Victor,276.78,failed,Critical
AXA-20201227-2538-WiFi6,204,Operator,Victor,189.73,failed,Critical
AXA-20201202-2539-HSE,204,Operator,Victor,274.53,failed,Critical
AXA-20201226-2540-C100,207,Operator,Victor,313.22,failed,Critical
AXA-20201210-2545-EVOICE,206,Operator,Victor,213.13,failed,Critical
AXA-20201216-2546-VOICE,220,Operator,Wale,339.1,failed,Critical
AXA-20201218-2550-WiFi3,226,Operator,Seun,341.07,failed,Critical
AXA-20201203-2553-C100,209,Operator,Kerry,273.18,failed,Critical
AXA-20201208-2556-VOICE,201,Operator,Victor,189.55,failed,Critical
AXA-20201226-2561-C100,209,Operator,Kerry,221.62,failed,Critical
AXA-20201208-2564-WiFi6,201,Operator,Victor,342.13,failed,Critical
AXA-20201207-2567-C100,220,Operator,Wale,319.7,failed,Critical
AXA-20201213-2569-MCON,207,Operator,Victor,282.03,failed,Critical
AXA-20201207-2570-HSE,211,Operator,Kerry,263.47,failed,Critical
AXA-20201217-2571-C100,207,Operator,Victor,248.55,failed,Critical
AXA-20201217-2575-WiFi6,204,Operator,Victor,219.2,failed,Critical
AXA-20201223-2578-C95,205,Operator,Victor,198.42,failed,Critical
AXA-20201223-2579-CBS,205,Operator,Victor,313.73,failed,Critical
AXA-20201217-2582-CBS,228,Operator,Seun,330.63,failed,Critical
AXA-20201206-2585-VOICE,203,Operator,Victor,198.57,failed,Critical
AXA-20201215-2586-WiFi5,204,Operator,Victor,217.38,failed,Critical
AXA-20201202-2589-WiFi8,214,Operator,Kerry,185.33,failed,Critical
AXA-20201216-2590-WiFi9,214,Operator,Kerry,310.08,failed,Critical
AXA-20201210-2592-HSE,202,Operator,Victor,215.52,failed,Critical
AXA-20201217-2597-WLESS,203,Operator,Victor,213.72,failed,Critical
AXA-20201226-2598-HSE,214,Operator,Kerry,218.48,failed,Critical
AXA-20201211-2602-WiFi5,221,Operator,Wale,251.33,failed,Critical
AXA-20201215-2603-MCON,211,Operator,Kerry,260.7,failed,Critical
AXA-20201228-2607-HSE,205,Operator,Victor,258.33,failed,Critical
AXA-20201226-2610-WiFi11,209,Operator,Kerry,345.08,failed,Critical
AXA-20201205-2611-WLESS,213,Operator,Kerry,334.05,failed,Critical
AXA-20201201-2615-WiFi8,216,Operator,Wale,314.55,failed,Critical
AXA-20201202-2617-HSE,203,Operator,Victor,241.15,failed,Critical
AXA-20201209-2619-WiFi11,203,Operator,Victor,210.42,failed,Critical
AXA-20201227-2620-MCON,214,Operator,Kerry,217.8,failed,Critical
AXA-20201201-2624-ICS,228,Operator,Seun,204.25,failed,Critical
AXA-20201205-2626-ICS,204,Operator,Victor,315.35,failed,Critical
AXA-20201215-2628-WLESS,213,Operator,Kerry,280.1,failed,Critical
AXA-20201207-2631-WLESS,201,Operator,Victor,311.63,failed,Critical
AXA-20201219-2632-WLESS,204,Operator,Victor,327.75,failed,Critical
AXA-20201217-2633-WLESS,201,Operator,Victor,222.67,failed,Critical
AXA-20201207-2635-WiFi7,210,Operator,Kerry,345.5,failed,Critical
AXA-20201205-2637-MAC,202,Operator,Victor,271.25,failed,Critical
AXA-20201225-2642-VOICE,211,Operator,Kerry,302.6,failed,Critical
AXA-20201220-2645-VOICE,210,Operator,Kerry,335.23,failed,Critical
AXA-20201208-2646-WiFi3,203,Operator,Victor,317.05,failed,Critical
AXA-20201220-2649-WiFi8,205,Operator,Victor,194.5,failed,Critical
AXA-20201219-2650-WLESS,203,Operator,Victor,217.35,failed,Critical
AXA-20201211-2651-WLESS,209,Operator,Kerry,318.38,failed,Critical
AXA-20201222-2654-WiFi11,201,Operator,Victor,340.73,failed,Critical
AXA-20201226-2657-WLESS,202,Operator,Victor,338.53,failed,Critical
AXA-20201218-2659-WiFi6,208,Operator,Kerry,270.73,failed,Critical
AXA-20201203-2660-C95,205,Operator,Victor,180.22,failed,Critical
AXA-20201201-2664-C100,227,Operator,Seun,331.03,failed,Critical
AXA-20201215-2665-WLESS,227,Operator,Seun,332.72,failed,Critical
AXA-20201205-2668-ICS,213,Operator,Kerry,303.03,failed,Critical
AXA-20201208-2670-HSE,222,Operator,Seun,225.08,failed,Critical
AXA-20201205-2673-WiFi9,224,Operator,Seun,341.8,failed,Critical
AXA-20201202-2675-WiFi7,227,Operator,Seun,222.25,failed,Critical
AXA-20201214-2680-ICS,205,Operator,Victor,272.75,failed,Critical
AXA-20201208-2684-HSE,205,Operator,Victor,340.32,failed,Critical
AXA-20201218-2685-C100,222,Operator,Seun,211.65,failed,Critical
AXA-20201221-2690-ICS,210,Operator,Kerry,195.42,failed,Critical
AXA-20201224-2691-WLESS,208,Operator,Kerry,206.42,failed,Critical
AXA-20201205-2693-C100,205,Operator,Victor,248.73,failed,Critical
AXA-20201226-2697-MAC,202,Operator,Victor,308.23,failed,Critical
AXA-20201217-2698-WiFi5,207,Operator,Victor,210.15,failed,Critical
AXA-20201214-2699-WiFi8,210,Operator,Kerry,184.17,failed,Critical
AXA-20201213-2701-WLESS,212,Operator,Kerry,181.12,failed,Critical
AXA-20201208-2702-WiFi5,205,Operator,Victor,207.4,failed,Critical
AXA-20201222-2708-MAC,209,Operator,Kerry,222.48,failed,Critical
AXA-20201203-2709-HSE,204,Operator,Victor,245.68,failed,Critical
AXA-20201202-2710-WiFi5,213,Operator,Kerry,278.62,failed,Critical
AXA-20201226-2711-HSE,204,Operator,Victor,328.57,failed,Critical
AXA-20201220-2712-HSE,203,Operator,Victor,200.42,failed,Critical
AXA-20201221-2714-WLESS,221,Operator,Wale,337.28,failed,Critical
AXA-20201220-2715-WiFi7,211,Operator,Kerry,339.63,failed,Critical
AXA-20201204-2716-WLESS,207,Operator,Victor,187.28,failed,Critical
AXA-20201202-2717-WiFi8,207,Operator,Victor,281.3,failed,Critical
AXA-20201203-2719-C95,204,Operator,Victor,273.38,failed,Critical
AXA-20201226-2720-MCON,211,Operator,Kerry,308.55,failed,Critical
AXA-20201228-2721-VOICE,205,Operator,Victor,185.57,failed,Critical
AXA-20201220-2722-WLESS,207,Operator,Victor,338.78,failed,Critical
AXA-20201227-2723-VOICE,208,Operator,Kerry,202.57,failed,Critical
AXA-20201203-2725-WiFi11,207,Operator,Victor,324.3,failed,Critical
AXA-20201212-2726-WLESS,208,Operator,Kerry,333.45,failed,Critical
AXA-20201219-2731-WiFi7,206,Operator,Victor,243.5,failed,Critical
AXA-20201201-2733-CBS,209,Operator,Kerry,272.57,failed,Critical
AXA-20201211-2734-ICS,216,Operator,Wale,214.63,failed,Critical
AXA-20201222-2736-HSE,212,Operator,Kerry,250.62,failed,Critical
AXA-20201228-2737-WiFi7,217,Operator,Wale,224.72,failed,Critical
AXA-20201204-2738-WLESS,206,Operator,Victor,344.58,failed,Critical
AXA-20201219-2740-WiFi6,212,Operator,Kerry,208.18,failed,Critical
AXA-20201209-2745-MAC,205,Operator,Victor,310.42,failed,Critical
AXA-20201211-2746-WiFi5,204,Operator,Victor,315.17,failed,Critical
AXA-20201218-2747-HSE,202,Operator,Victor,262.5,failed,Critical
AXA-20201215-2749-WiFi3,202,Operator,Victor,247.58,failed,Critical
AXA-20201216-2750-MAC,207,Operator,Victor,193.18,failed,Critical
AXA-20201205-2758-MCON,201,Operator,Victor,313.55,failed,Critical
AXA-20201222-2759-WLESS,207,Operator,Victor,312.18,failed,Critical
AXA-20201220-2761-WiFi4,209,Operator,Kerry,260.42,failed,Critical
AXA-20201224-2762-WiFi9,228,Operator,Seun,214.28,failed,Critical
AXA-20201204-2765-WiFi10,204,Operator,Victor,300.47,failed,Critical
AXA-20201208-2767-WiFi10,205,Operator,Victor,300.15,failed,Critical
AXA-20201202-2768-C100,226,Operator,Seun,222.4,failed,Critical
AXA-20201201-2769-MAC,208,Operator,Kerry,265.43,failed,Critical
AXA-20201210-2770-WiFi5,209,Operator,Kerry,254.72,failed,Critical
AXA-20201201-2771-WLESS,203,Operator,Victor,208.32,failed,Critical
AXA-20201211-2774-C100,228,Operator,Seun,200.6,failed,Critical
AXA-20201216-2775-C95,226,Operator,Seun,327.67,failed,Critical
AXA-20201215-2776-WiFi4,214,Operator,Kerry,192.17,failed,Critical
AXA-20201208-2778-WiFi3,212,Operator,Kerry,211.33,failed,Critical
AXA-20201222-2780-EVOICE,211,Operator,Kerry,211.48,failed,Critical
AXA-20201218-2782-WiFi5,222,Operator,Seun,270.37,failed,Critical
AXA-20201217-2783-WiFi8,207,Operator,Victor,268.13,failed,Critical
AXA-20201226-2784-WiFi7,203,Operator,Victor,209.6,failed,Critical
AXA-20201220-2785-WiFi9,209,Operator,Kerry,221.18,failed,Critical
AXA-20201203-2789-WLESS,224,Operator,Seun,182.08,failed,Critical
AXA-20201203-2790-CBS,220,Operator,Wale,185.33,failed,Critical
AXA-20201225-2791-WiFi7,210,Operator,Kerry,332.03,failed,Critical
AXA-20201207-2797-WiFi10,212,Operator,Kerry,215.27,failed,Critical
AXA-20201209-2798-MCON,225,Operator,Seun,318.67,failed,Critical
AXA-20201220-2804-WiFi8,209,Operator,Kerry,320.77,failed,Critical
AXA-20201202-2806-C95,205,Operator,Victor,344.05,failed,Critical
AXA-20201201-2807-WLESS,216,Operator,Wale,265.07,failed,Critical
AXA-20201209-2809-WiFi11,204,Operator,Victor,272.2,failed,Critical
AXA-20201204-2811-WLESS,203,Operator,Victor,201.1,failed,Critical
AXA-20201221-2813-EVOICE,209,Operator,Kerry,187.72,failed,Critical
AXA-20201223-2816-WiFi4,228,Operator,Seun,214.58,failed,Critical
AXA-20201224-2817-C100,205,Operator,Victor,314.55,failed,Critical
AXA-20201209-2819-WiFi8,225,Operator,Seun,342.77,failed,Critical
AXA-20201205-2821-WLESS,214,Operator,Kerry,329.22,failed,Critical
AXA-20201215-2823-CBS,202,Operator,Victor,264.07,failed,Critical
AXA-20201221-2826-WiFi10,223,Operator,Seun,343.17,failed,Critical
AXA-20201209-2829-MCON,205,Operator,Victor,196.43,failed,Critical
AXA-20201202-2830-WiFi3,219,Operator,Wale,306.65,failed,Critical
AXA-20201221-2833-WiFi9,225,Operator,Seun,252.57,failed,Critical
AXA-20201208-2837-HSE,206,Operator,Victor,280.42,failed,Critical
AXA-20201220-2838-WiFi8,209,Operator,Kerry,310.6,failed,Critical
AXA-20201204-2841-WiFi9,216,Operator,Wale,329.33,failed,Critical
AXA-20201217-2842-WiFi3,202,Operator,Victor,224.47,failed,Critical
AXA-20201214-2846-VOICE,210,Operator,Kerry,252.43,failed,Critical
AXA-20201203-2847-C100,207,Operator,Victor,312.05,failed,Critical
AXA-20201213-2849-EVOICE,226,Operator,Seun,307.37,failed,Critical
AXA-20201221-2850-ICS,211,Operator,Kerry,265.17,failed,Critical
AXA-20201210-2851-WLESS,207,Operator,Victor,183.73,failed,Critical
AXA-20201206-2857-WiFi3,213,Operator,Kerry,222.65,failed,Critical
AXA-20201201-2858-WiFi3,214,Operator,Kerry,316.73,failed,Critical
AXA-20201218-2860-WiFi6,202,Operator,Victor,324.17,failed,Critical
AXA-20201219-2862-MCON,214,Operator,Kerry,323.35,failed,Critical
AXA-20201209-2869-C100,205,Operator,Victor,189.05,failed,Critical
AXA-20201227-2870-ICS,213,Operator,Kerry,329.33,failed,Critical
AXA-20201210-2872-CBS,224,Operator,Seun,281.13,failed,Critical
AXA-20201220-2873-WiFi11,210,Operator,Kerry,203.27,failed,Critical
AXA-20201226-2875-ICS,202,Operator,Victor,202.57,failed,Critical
AXA-20201220-2876-C95,222,Operator,Seun,202.52,failed,Critical
AXA-20201202-2878-WLESS,213,Operator,Kerry,333.03,failed,Critical
AXA-20201204-2881-WiFi8,202,Operator,Victor,267.68,failed,Critical
AXA-20201218-2882-WiFi3,211,Operator,Kerry,202.27,failed,Critical
AXA-20201214-2883-WLESS,207,Operator,Victor,207.17,failed,Critical
AXA-20201224-2887-EVOICE,215,Operator,Wale,209.58,failed,Critical
AXA-20201221-2893-WiFi9,212,Operator,Kerry,331.17,failed,Critical
AXA-20201211-2894-MAC,213,Operator,Kerry,337.43,failed,Critical
AXA-20201214-2901-VOICE,203,Operator,Victor,268.35,failed,Critical
AXA-20201228-2904-WiFi6,205,Operator,Victor,305.67,failed,Critical
AXA-20201224-2906-C100,205,Operator,Victor,255.05,failed,Critical
AXA-20201201-2908-WiFi5,209,Operator,Kerry,323.3,failed,Critical
AXA-20201225-2910-WLESS,201,Operator,Victor,272.35,failed,Critical
AXA-20201205-2914-WiFi9,209,Operator,Kerry,314.23,failed,Critical
AXA-20201206-2917-WiFi5,222,Operator,Seun,244.68,failed,Critical
AXA-20201203-2919-WiFi7,208,Operator,Kerry,254.37,failed,Critical
AXA-20201215-2921-ICS,212,Operator,Kerry,185.73,failed,Critical
AXA-20201213-2922-WiFi8,213,Operator,Kerry,304.07,failed,Critical
AXA-20201225-2923-HSE,225,Operator,Seun,326.28,failed,Critical
AXA-20201217-2929-WiFi8,206,Operator,Victor,263.47,failed,Critical
AXA-20201216-2932-WiFi3,205,Operator,Victor,185.63,failed,Critical
AXA-20201201-2934-WiFi4,207,Operator,Victor,304.65,failed,Critical
AXA-20201204-2936-CBS,213,Operator,Kerry,309.27,failed,Critical
AXA-20201204-2939-WiFi4,201,Operator,Victor,320.78,failed,Critical
AXA-20201225-2942-WiFi3,222,Operator,Seun,264.15,failed,Critical
AXA-20201211-2943-EVOICE,225,Operator,Seun,334.18,failed,Critical
AXA-20201212-2946-WiFi6,202,Operator,Victor,191.63,failed,Critical
AXA-20201223-2947-WiFi9,205,Operator,Victor,240.37,failed,Critical
AXA-20201216-2949-MAC,203,Operator,Victor,247.32,failed,Critical
AXA-20201203-2950-WiFi7,223,Operator,Seun,247.37,failed,Critical
AXA-20201208-2951-WLESS,208,Operator,Kerry,206.63,failed,Critical
AXA-20201228-2953-HSE,219,Operator,Wale,199.08,failed,Critical
AXA-20201205-2954-WiFi7,203,Operator,Victor,181.62,failed,Critical
AXA-20201202-2956-WLESS,201,Operator,Victor,265.08,failed,Critical
AXA-20201203-2957-EVOICE,213,Operator,Kerry,338.77,failed,Critical
AXA-20201201-2960-WiFi5,203,Operator,Victor,284.2,failed,Critical
AXA-20201206-2964-C95,215,Operator,Wale,280.73,failed,Critical
AXA-20201210-2966-WiFi10,205,Operator,Victor,202.78,failed,Critical
AXA-20201203-2969-WiFi6,216,Operator,Wale,182.55,failed,Critical
AXA-20201207-2970-ICS,204,Operator,Victor,285.07,failed,Critical
AXA-20201208-2971-WLESS,223,Operator,Seun,264.13,failed,Critical
AXA-20201226-2975-WiFi3,202,Operator,Victor,340.47,failed,Critical
AXA-20201218-2976-WLESS,202,Operator,Victor,313.03,failed,Critical
AXA-20201217-2980-WiFi7,213,Operator,Kerry,221.42,failed,Critical
AXA-20201213-2981-WiFi11,214,Operator,Kerry,275.6,failed,Critical
AXA-20201212-2982-C100,204,Operator,Victor,183.15,failed,Critical
AXA-20201205-2983-WLESS,220,Operator,Wale,194.48,failed,Critical
AXA-20201219-2984-WLESS,214,Operator,Kerry,220.08,failed,Critical
AXA-20201202-2985-WiFi5,213,Operator,Kerry,263.5,failed,Critical
AXA-20201214-2986-WiFi5,203,Operator,Victor,272.17,failed,Critical
AXA-20201210-2987-WiFi4,203,Operator,Victor,255.68,failed,Critical
AXA-20201222-2988-WiFi8,226,Operator,Seun,302.33,failed,Critical
AXA-20201211-2990-WLESS,225,Operator,Seun,208.52,failed,Critical
AXA-20201225-2991-WLESS,208,Operator,Kerry,275.32,failed,Critical
AXA-20201221-2992-C100,206,Operator,Victor,304.6,failed,Critical
AXA-20201205-2993-WiFi10,204,Operator,Victor,188.33,failed,Critical
AXA-20201220-2995-C100,205,Operator,Victor,266.5,failed,Critical
AXA-20201204-2996-HSE,204,Operator,Victor,181.7,failed,Critical
AXA-20201201-2997-HSE,210,Operator,Kerry,200.38,failed,Critical
AXA-20201206-2999-WiFi8,210,Operator,Kerry,314.47,failed,Critical
AXA-20201226-3001-MAC,205,Operator,Victor,327.38,failed,Critical
AXA-20201211-3003-VOICE,212,Operator,Kerry,329.45,failed,Critical
AXA-20201219-3007-MCON,225,Operator,Seun,266.33,failed,Critical
AXA-20201223-3010-C100,204,Operator,Victor,271.73,failed,Critical
AXA-20201203-3011-VOICE,222,Operator,Seun,281.45,failed,Critical
AXA-20201208-3013-WLESS,205,Operator,Victor,194.17,failed,Critical
AXA-20201201-3015-ICS,217,Operator,Wale,302.8,failed,Critical
AXA-20201213-3016-MCON,215,Operator,Wale,211.78,failed,Critical
AXA-20201225-3017-WiFi11,213,Operator,Kerry,180.57,failed,Critical
AXA-20201204-3025-MCON,221,Operator,Wale,327.1,failed,Critical
AXA-20201223-3027-WiFi6,205,Operator,Victor,256.25,failed,Critical
AXA-20201222-3028-C95,204,Operator,Victor,195.5,failed,Critical
AXA-20201213-3031-WiFi4,207,Operator,Victor,182.77,failed,Critical
AXA-20201212-3036-MAC,227,Operator,Seun,241.23,failed,Critical
AXA-20201228-3046-WLESS,204,Operator,Victor,241.4,failed,Critical
AXA-20201205-3047-WiFi10,217,Operator,Wale,225.75,failed,Critical
AXA-20201228-3048-MAC,207,Operator,Victor,205.43,failed,Critical
AXA-20201206-3049-HSE,208,Operator,Kerry,209.77,failed,Critical
AXA-20201208-3051-WiFi6,210,Operator,Kerry,275.55,failed,Critical
AXA-20201202-3052-WiFi4,224,Operator,Seun,279.25,failed,Critical
AXA-20201222-3053-WLESS,206,Operator,Victor,213.55,failed,Critical
AXA-20201215-3054-WiFi11,213,Operator,Kerry,254.28,failed,Critical
AXA-20201213-3055-WiFi6,202,Operator,Victor,306.33,failed,Critical
AXA-20201228-3056-WiFi8,224,Operator,Seun,201.1,failed,Critical
AXA-20201221-3063-MCON,206,Operator,Victor,267.28,failed,Critical
AXA-20201224-3065-MCON,203,Operator,Victor,217.15,failed,Critical
AXA-20201207-3068-WiFi8,209,Operator,Kerry,272.72,failed,Critical
AXA-20201209-3070-C100,213,Operator,Kerry,337.8,failed,Critical
AXA-20201228-3071-EVOICE,204,Operator,Victor,255.03,failed,Critical
AXA-20201204-3072-WiFi5,211,Operator,Kerry,252.58,failed,Critical
AXA-20201202-3073-MAC,209,Operator,Kerry,276.6,failed,Critical
AXA-20201204-3076-ICS,214,Operator,Kerry,204.13,failed,Critical
AXA-20201202-3077-WiFi5,209,Operator,Kerry,335.45,failed,Critical
AXA-20201208-3081-WLESS,205,Operator,Victor,330.43,failed,Critical
AXA-20201221-3083-MCON,209,Operator,Kerry,203.52,failed,Critical
AXA-20201203-3085-WiFi9,202,Operator,Victor,195.75,failed,Critical
AXA-20201212-3093-WiFi8,204,Operator,Victor,252.03,failed,Critical
AXA-20201213-3097-WiFi4,210,Operator,Kerry,254.55,failed,Critical
AXA-20201210-3100-WiFi6,218,Operator,Wale,271.12,failed,Critical
AXA-20201228-3101-WiFi8,203,Operator,Victor,191.72,failed,Critical
AXA-20201212-3103-CBS,201,Operator,Victor,255.47,failed,Critical
AXA-20201203-3104-HSE,201,Operator,Victor,306.42,failed,Critical
AXA-20201212-3106-WiFi5,203,Operator,Victor,195.43,failed,Critical
AXA-20201215-3109-WiFi11,202,Operator,Victor,323.65,failed,Critical
AXA-20201210-3112-WiFi8,211,Operator,Kerry,248.57,failed,Critical
AXA-20201224-3113-WiFi6,213,Operator,Kerry,188.27,failed,Critical
AXA-20201212-3115-C100,216,Operator,Wale,206.08,failed,Critical
AXA-20201210-3117-WiFi4,212,Operator,Kerry,273.63,failed,Critical
AXA-20201227-3118-HSE,204,Operator,Victor,327.62,failed,Critical
AXA-20201218-3125-WiFi3,210,Operator,Kerry,244.72,failed,Critical
AXA-20201226-3126-WiFi4,206,Operator,Victor,273.45,failed,Critical
AXA-20201217-3129-WiFi4,208,Operator,Kerry,310.1,failed,Critical
AXA-20201216-3130-WiFi4,206,Operator,Victor,333.72,failed,Critical
AXA-20201224-3132-WiFi6,206,Operator,Victor,344.73,failed,Critical
AXA-20201201-3133-WiFi8,214,Operator,Kerry,210.72,failed,Critical
AXA-20201213-3135-CBS,203,Operator,Victor,199.18,failed,Critical
AXA-20201206-3136-HSE,202,Operator,Victor,203.3,failed,Critical
AXA-20201210-3137-C100,202,Operator,Victor,189.65,failed,Critical
AXA-20201228-3138-WiFi7,214,Operator,Kerry,199.08,failed,Critical
AXA-20201226-3141-WLESS,225,Operator,Seun,189.55,failed,Critical
AXA-20201209-3143-EVOICE,212,Operator,Kerry,322.77,failed,Critical
AXA-20201204-3145-WiFi11,204,Operator,Victor,309.62,failed,Critical
AXA-20201226-3147-MCON,209,Operator,Kerry,259.3,failed,Critical
AXA-20201227-3149-HSE,206,Operator,Victor,207.35,failed,Critical
AXA-20201227-3151-C100,205,Operator,Victor,242.1,failed,Critical
AXA-20201211-3154-WiFi7,207,Operator,Victor,307.72,failed,Critical
AXA-20201227-3156-C95,228,Operator,Seun,264.35,failed,Critical
AXA-20201213-3157-WiFi4,222,Operator,Seun,345.07,failed,Critical
AXA-20201208-3161-WiFi6,204,Operator,Victor,207.22,failed,Critical
AXA-20201219-3162-WLESS,202,Operator,Victor,332.05,failed,Critical
AXA-20201220-3163-MCON,204,Operator,Victor,261.23,failed,Critical
AXA-20201221-3164-WiFi9,205,Operator,Victor,315.1,failed,Critical
AXA-20201224-3166-WLESS,201,Operator,Victor,254.08,failed,Critical
AXA-20201213-3167-MAC,212,Operator,Kerry,249.55,failed,Critical
AXA-20201214-3169-WiFi6,224,Operator,Seun,338.2,failed,Critical
AXA-20201218-3174-HSE,213,Operator,Kerry,210.42,failed,Critical
AXA-20201203-3176-WiFi10,223,Operator,Seun,255.13,failed,Critical
AXA-20201218-3177-WiFi4,212,Operator,Kerry,251.63,failed,Critical
AXA-20201219-3178-WiFi3,202,Operator,Victor,268.43,failed,Critical
AXA-20201202-3181-WLESS,209,Operator,Kerry,253.2,failed,Critical
AXA-20201221-3183-CBS,214,Operator,Kerry,339.73,failed,Critical
AXA-20201223-3186-WiFi8,226,Operator,Seun,309.57,failed,Critical
AXA-20201226-3188-WiFi6,228,Operator,Seun,345.5,failed,Critical
AXA-20201215-3189-MAC,215,Operator,Wale,188.55,failed,Critical
AXA-20201212-3191-WiFi11,205,Operator,Victor,181.55,failed,Critical
AXA-20201222-3195-EVOICE,203,Operator,Victor,316.65,failed,Critical
AXA-20201216-3196-WLESS,224,Operator,Seun,313.03,failed,Critical
AXA-20201214-3197-WLESS,205,Operator,Victor,302.15,failed,Critical
AXA-20201204-3198-HSE,213,Operator,Kerry,313.07,failed,Critical
AXA-20201223-3201-C95,201,Operator,Victor,344.07,failed,Critical
AXA-20201204-3202-HSE,205,Operator,Victor,273.28,failed,Critical
AXA-20201203-3205-WiFi6,204,Operator,Victor,209.77,failed,Critical
AXA-20201217-3207-WiFi5,207,Operator,Victor,216.17,failed,Critical
AXA-20201225-3208-WiFi6,201,Operator,Victor,307.08,failed,Critical
AXA-20201223-3209-HSE,216,Operator,Wale,314.4,failed,Critical
AXA-20201215-3210-WiFi9,203,Operator,Victor,259.38,failed,Critical
AXA-20201220-3211-WiFi7,206,Operator,Victor,186.05,failed,Critical
AXA-20201212-3214-WiFi10,201,Operator,Victor,253.32,failed,Critical
AXA-20201203-3217-WiFi10,204,Operator,Victor,212.22,failed,Critical
AXA-20201221-3218-MAC,211,Operator,Kerry,260.42,failed,Critical
AXA-20201223-3221-CBS,206,Operator,Victor,331.05,failed,Critical
AXA-20201218-3227-WiFi6,228,Operator,Seun,215.8,failed,Critical
AXA-20201220-3231-MCON,212,Operator,Kerry,204.12,failed,Critical
AXA-20201212-3233-VOICE,223,Operator,Seun,192.73,failed,Critical
AXA-20201201-3235-MCON,208,Operator,Kerry,345.53,failed,Critical
AXA-20201219-3238-MAC,209,Operator,Kerry,261.73,failed,Critical
AXA-20201224-3239-C95,204,Operator,Victor,314.47,failed,Critical
AXA-20201226-3240-WiFi10,204,Operator,Victor,314.23,failed,Critical
AXA-20201213-3242-VOICE,224,Operator,Seun,220.78,failed,Critical
AXA-20201222-3244-CBS,201,Operator,Victor,344.48,failed,Critical
AXA-20201201-3245-WiFi10,204,Operator,Victor,310.53,failed,Critical
AXA-20201212-3250-CBS,210,Operator,Kerry,322.32,failed,Critical
AXA-20201216-3252-HSE,206,Operator,Victor,342.27,failed,Critical
AXA-20201201-3254-WiFi11,226,Operator,Seun,214.62,failed,Critical
AXA-20201218-3256-WLESS,207,Operator,Victor,303.4,failed,Critical
AXA-20201212-3257-VOICE,210,Operator,Kerry,187.62,failed,Critical
AXA-20201203-3261-WiFi11,214,Operator,Kerry,254.77,failed,Critical
AXA-20201204-3262-WLESS,202,Operator,Victor,326.63,failed,Critical
AXA-20201216-3267-WLESS,202,Operator,Victor,282.6,failed,Critical
AXA-20201207-3268-C100,222,Operator,Seun,256.2,failed,Critical
AXA-20201209-3269-WiFi7,203,Operator,Victor,300.72,failed,Critical
AXA-20201222-3272-CBS,218,Operator,Wale,271.53,failed,Critical
AXA-20201208-3275-WiFi5,205,Operator,Victor,330.43,failed,Critical
AXA-20201202-3276-WLESS,212,Operator,Kerry,193.45,failed,Critical
AXA-20201224-3277-HSE,214,Operator,Kerry,313.75,failed,Critical
AXA-20201221-3281-MAC,220,Operator,Wale,241.43,failed,Critical
AXA-20201210-3283-WiFi10,223,Operator,Seun,334.42,failed,Critical
AXA-20201206-3285-WiFi10,205,Operator,Victor,335.68,failed,Critical
AXA-20201227-3286-WiFi10,227,Operator,Seun,261.62,failed,Critical
AXA-20201201-3288-MCON,210,Operator,Kerry,222.57,failed,Critical
AXA-20201228-3291-CBS,215,Operator,Wale,188.65,failed,Critical
AXA-20201219-3292-WiFi7,206,Operator,Victor,332.45,failed,Critical
AXA-20201212-3293-HSE,205,Operator,Victor,194.45,failed,Critical
AXA-20201207-3295-WiFi11,213,Operator,Kerry,312.37,failed,Critical
AXA-20201228-3296-WiFi8,218,Operator,Wale,343.5,failed,Critical
AXA-20201204-3300-WiFi4,209,Operator,Kerry,189.08,failed,Critical
AXA-20201212-3301-WiFi7,201,Operator,Victor,332.63,failed,Critical
AXA-20201212-3305-WLESS,206,Operator,Victor,185.63,failed,Critical
AXA-20201209-3311-WiFi11,206,Operator,Victor,341.73,failed,Critical
AXA-20201202-3312-WiFi11,204,Operator,Victor,317.47,failed,Critical
AXA-20201201-3313-WiFi9,204,Operator,Victor,188.2,failed,Critical
AXA-20201207-3317-WiFi4,205,Operator,Victor,266.68,failed,Critical
AXA-20201217-3320-WiFi7,211,Operator,Kerry,320.72,failed,Critical
AXA-20201201-3321-ICS,213,Operator,Kerry,345.33,failed,Critical
AXA-20201211-3323-WiFi7,212,Operator,Kerry,315.32,failed,Critical
AXA-20201217-3324-WiFi8,205,Operator,Victor,301.48,failed,Critical
AXA-20201201-3326-EVOICE,214,Operator,Kerry,312.47,failed,Critical
AXA-20201224-3328-WiFi9,201,Operator,Victor,320.37,failed,Critical
AXA-20201216-3331-HSE,206,Operator,Victor,272.32,failed,Critical
AXA-20201214-3332-WiFi5,211,Operator,Kerry,334.33,failed,Critical
AXA-20201203-3334-MAC,210,Operator,Kerry,310.18,failed,Critical
AXA-20201222-3335-WiFi9,223,Operator,Seun,222.2,failed,Critical
AXA-20201203-3338-WLESS,206,Operator,Victor,273.57,failed,Critical
AXA-20201221-3346-ICS,212,Operator,Kerry,308.6,failed,Critical
AXA-20201217-3347-VOICE,202,Operator,Victor,210.77,failed,Critical
AXA-20201201-3349-WiFi8,207,Operator,Victor,258.37,failed,Critical
AXA-20201222-3351-WiFi10,212,Operator,Kerry,282.12,failed,Critical
AXA-20201212-3356-WiFi11,206,Operator,Victor,332.75,failed,Critical
AXA-20201220-3357-WiFi7,211,Operator,Kerry,334.73,failed,Critical
AXA-20201226-3359-EVOICE,208,Operator,Kerry,218.6,failed,Critical
AXA-20201219-3360-HSE,223,Operator,Seun,189.32,failed,Critical
AXA-20201221-3363-EVOICE,221,Operator,Wale,341.05,failed,Critical
AXA-20201203-3364-HSE,206,Operator,Victor,225.25,failed,Critical
AXA-20201209-3367-WiFi11,210,Operator,Kerry,276.7,failed,Critical
AXA-20201203-3369-WiFi7,201,Operator,Victor,270.57,failed,Critical
AXA-20201216-3370-C100,202,Operator,Victor,240.13,failed,Critical
AXA-20201207-3373-C100,223,Operator,Seun,258.35,failed,Critical
AXA-20201227-3375-WLESS,223,Operator,Seun,223.12,failed,Critical
AXA-20201214-3377-MCON,201,Operator,Victor,308.65,failed,Critical
AXA-20201226-3378-C100,207,Operator,Victor,184.63,failed,Critical
AXA-20201204-3388-WLESS,221,Operator,Wale,300.8,failed,Critical
AXA-20201220-3390-ICS,210,Operator,Kerry,344.03,failed,Critical
AXA-20201225-3393-MAC,204,Operator,Victor,325.73,failed,Critical
AXA-20201222-3396-WiFi4,214,Operator,Kerry,344.48,failed,Critical
AXA-20201219-3398-HSE,206,Operator,Victor,186.7,failed,Critical
AXA-20201221-3399-HSE,213,Operator,Kerry,316.08,failed,Critical
AXA-20201222-3401-WiFi8,215,Operator,Wale,191.42,failed,Critical
AXA-20201207-3402-EVOICE,211,Operator,Kerry,211.43,failed,Critical
AXA-20201215-3403-MAC,204,Operator,Victor,272.35,failed,Critical
AXA-20201218-3404-ICS,211,Operator,Kerry,343.35,failed,Critical
AXA-20201215-3408-WLESS,225,Operator,Seun,304.33,failed,Critical
AXA-20201204-3410-WiFi8,209,Operator,Kerry,242.67,failed,Critical
AXA-20201202-3411-EVOICE,220,Operator,Wale,345.07,failed,Critical
AXA-20201214-3414-WiFi5,212,Operator,Kerry,266.63,failed,Critical
AXA-20201222-3415-HSE,207,Operator,Victor,195.07,failed,Critical
AXA-20201213-3416-WiFi8,228,Operator,Seun,240.57,failed,Critical
AXA-20201222-3417-HSE,204,Operator,Victor,225.8,failed,Critical
AXA-20201208-3419-C100,204,Operator,Victor,343.32,failed,Critical
AXA-20201214-3421-WiFi5,202,Operator,Victor,275.67,failed,Critical
AXA-20201209-3423-WLESS,207,Operator,Victor,283.62,failed,Critical
AXA-20201224-3424-HSE,225,Operator,Seun,187.62,failed,Critical
AXA-20201221-3431-WLESS,204,Operator,Victor,265.78,failed,Critical
AXA-20201211-3433-WiFi9,213,Operator,Kerry,309.65,failed,Critical
AXA-20201220-3435-WiFi8,203,Operator,Victor,277.22,failed,Critical
AXA-20201215-3436-ICS,206,Operator,Victor,216.47,failed,Critical
AXA-20201215-3437-WiFi10,202,Operator,Victor,219.12,failed,Critical
AXA-20201214-3438-ICS,203,Operator,Victor,184.73,failed,Critical
AXA-20201225-3441-WiFi3,221,Operator,Wale,205.08,failed,Critical
AXA-20201225-3442-WiFi4,202,Operator,Victor,247.3,failed,Critical
AXA-20201202-3443-WiFi7,203,Operator,Victor,326.58,failed,Critical
AXA-20201228-3444-ICS,212,Operator,Kerry,189.22,failed,Critical
AXA-20201215-3445-WiFi3,202,Operator,Victor,315.03,failed,Critical
AXA-20201226-3452-WiFi9,206,Operator,Victor,221.68,failed,Critical
AXA-20201206-3453-C95,202,Operator,Victor,342.07,failed,Critical
AXA-20201204-3455-C100,201,Operator,Victor,263.77,failed,Critical
AXA-20201212-3457-WiFi7,217,Operator,Wale,243.8,failed,Critical
AXA-20201203-3459-WLESS,204,Operator,Victor,202.08,failed,Critical
AXA-20201213-3462-WiFi8,205,Operator,Victor,317.47,failed,Critical
AXA-20201207-3463-MCON,201,Operator,Victor,262.05,failed,Critical
AXA-20201208-3464-WiFi8,204,Operator,Victor,315.75,failed,Critical
AXA-20201223-3466-WiFi6,214,Operator,Kerry,203.78,failed,Critical
AXA-20201216-3470-WiFi10,204,Operator,Victor,259.22,failed,Critical
AXA-20201227-3471-WiFi7,214,Operator,Kerry,261.72,failed,Critical
AXA-20201222-3474-WiFi7,204,Operator,Victor,316.32,failed,Critical
AXA-20201204-3476-WiFi8,217,Operator,Wale,253.57,failed,Critical
AXA-20201224-3478-HSE,207,Operator,Victor,193.67,failed,Critical
AXA-20201225-3479-MAC,212,Operator,Kerry,184.55,failed,Critical
AXA-20201222-3482-ICS,212,Operator,Kerry,327.77,failed,Critical
AXA-20201210-3483-WiFi9,223,Operator,Seun,271.27,failed,Critical
AXA-20201226-3484-MCON,204,Operator,Victor,271.65,failed,Critical
AXA-20201221-3488-WiFi3,207,Operator,Victor,309.08,failed,Critical
AXA-20201223-3491-MAC,202,Operator,Victor,265.8,failed,Critical
AXA-20201203-3493-WiFi8,202,Operator,Victor,329.05,failed,Critical
AXA-20201226-3495-HSE,202,Operator,Victor,212.38,failed,Critical
AXA-20201208-3496-WiFi9,223,Operator,Seun,224.68,failed,Critical
AXA-20201217-3497-WiFi6,202,Operator,Victor,253.5,failed,Critical
AXA-20201225-3498-WLESS,225,Operator,Seun,242.43,failed,Critical
AXA-20201224-3500-VOICE,214,Operator,Kerry,333.58,failed,Critical
AXA-20201217-3501-WiFi8,214,Operator,Kerry,343.67,failed,Critical
AXA-20201210-3504-EVOICE,218,Operator,Wale,213.37,failed,Critical
AXA-20201214-3505-WLESS,204,Operator,Victor,311.43,failed,Critical
AXA-20201207-3507-VOICE,221,Operator,Wale,268.13,failed,Critical
AXA-20201227-3508-WiFi6,206,Operator,Victor,260.65,failed,Critical
AXA-20201205-3511-EVOICE,203,Operator,Victor,208.25,failed,Critical
AXA-20201201-3512-WiFi6,213,Operator,Kerry,302.15,failed,Critical
AXA-20201221-3513-MAC,216,Operator,Wale,224.25,failed,Critical
AXA-20201213-3516-HSE,207,Operator,Victor,258.48,failed,Critical
AXA-20201206-3518-MCON,223,Operator,Seun,195.65,failed,Critical
AXA-20201216-3519-WLESS,210,Operator,Kerry,181.27,failed,Critical
AXA-20201212-3520-HSE,226,Operator,Seun,211.47,failed,Critical
AXA-20201209-3527-WiFi11,203,Operator,Victor,185.3,failed,Critical
AXA-20201227-3528-C95,226,Operator,Seun,323.03,failed,Critical
AXA-20201213-3532-WLESS,226,Operator,Seun,275.72,failed,Critical
AXA-20201213-3533-WiFi4,217,Operator,Wale,326.65,failed,Critical
AXA-20201221-3534-WLESS,223,Operator,Seun,276.13,failed,Critical
AXA-20201212-3535-EVOICE,201,Operator,Victor,249.67,failed,Critical
AXA-20201223-3537-C100,209,Operator,Kerry,332.23,failed,Critical
AXA-20201202-3538-WiFi7,203,Operator,Victor,265.6,failed,Critical
AXA-20201223-3540-VOICE,202,Operator,Victor,342.68,failed,Critical
AXA-20201217-3541-EVOICE,210,Operator,Kerry,189.63,failed,Critical
AXA-20201205-3542-C100,207,Operator,Victor,213.8,failed,Critical
AXA-20201224-3544-WiFi9,214,Operator,Kerry,193.27,failed,Critical
AXA-20201222-3545-WiFi5,206,Operator,Victor,282.05,failed,Critical
AXA-20201216-3546-MAC,206,Operator,Victor,322.6,failed,Critical
AXA-20201201-3548-WiFi8,207,Operator,Victor,305.07,failed,Critical
AXA-20201225-3549-ICS,221,Operator,Wale,306.75,failed,Critical
AXA-20201209-3551-WiFi10,224,Operator,Seun,182.2,failed,Critical
AXA-20201226-3553-CBS,209,Operator,Kerry,301.1,failed,Critical
AXA-20201226-3555-WiFi3,207,Operator,Victor,282.63,failed,Critical
AXA-20201211-3556-C95,221,Operator,Wale,198.15,failed,Critical
AXA-20201216-3557-VOICE,223,Operator,Seun,344.53,failed,Critical
AXA-20201221-3564-WLESS,201,Operator,Victor,265.67,failed,Critical
AXA-20201221-3565-WLESS,214,Operator,Kerry,196.03,failed,Critical
AXA-20201226-3573-WLESS,223,Operator,Seun,326.8,failed,Critical
AXA-20201227-3574-WiFi5,211,Operator,Kerry,320.23,failed,Critical
AXA-20201202-3576-CBS,206,Operator,Victor,303.62,failed,Critical
AXA-20201209-3577-WiFi11,223,Operator,Seun,185.35,failed,Critical
AXA-20201217-3578-WiFi10,202,Operator,Victor,216.17,failed,Critical
AXA-20201208-3580-WiFi5,203,Operator,Victor,304.27,failed,Critical
AXA-20201202-3585-EVOICE,201,Operator,Victor,316.17,failed,Critical
AXA-20201201-3591-WiFi3,206,Operator,Victor,344.12,failed,Critical
AXA-20201210-3593-WiFi8,207,Operator,Victor,249.05,failed,Critical
AXA-20201202-3594-MAC,206,Operator,Victor,253.73,failed,Critical
AXA-20201217-3595-WiFi3,202,Operator,Victor,225.12,failed,Critical
AXA-20201223-3605-C100,207,Operator,Victor,254.63,failed,Critical
AXA-20201203-3606-WLESS,224,Operator,Seun,273.7,failed,Critical
AXA-20201225-3607-EVOICE,203,Operator,Victor,182.13,failed,Critical
AXA-20201206-3609-CBS,205,Operator,Victor,327.65,failed,Critical
AXA-20201227-3614-WiFi4,210,Operator,Kerry,312.23,failed,Critical
AXA-20201227-3616-WiFi11,228,Operator,Seun,258.55,failed,Critical
AXA-20201209-3625-ICS,209,Operator,Kerry,210.78,failed,Critical
AXA-20201208-3626-WLESS,220,Operator,Wale,274.18,failed,Critical
AXA-20201225-3629-HSE,221,Operator,Wale,210.08,failed,Critical
AXA-20201219-3630-WiFi4,209,Operator,Kerry,189.42,failed,Critical
AXA-20201202-3631-HSE,201,Operator,Victor,282.22,failed,Critical
AXA-20201210-3637-EVOICE,203,Operator,Victor,224.45,failed,Critical
AXA-20201222-3639-C95,208,Operator,Kerry,180.1,failed,Critical
AXA-20201224-3640-HSE,210,Operator,Kerry,204.8,failed,Critical
AXA-20201222-3644-C95,208,Operator,Kerry,281.77,failed,Critical
AXA-20201218-3645-WLESS,218,Operator,Wale,201.58,failed,Critical
AXA-20201211-3647-C95,228,Operator,Seun,300.48,failed,Critical
AXA-20201221-3648-WiFi10,221,Operator,Wale,242.67,failed,Critical
AXA-20201228-3649-WiFi7,205,Operator,Victor,307.38,failed,Critical
AXA-20201209-3654-HSE,209,Operator,Kerry,269.25,failed,Critical
AXA-20201217-3655-WiFi4,222,Operator,Seun,331.4,failed,Critical
AXA-20201225-3658-C100,221,Operator,Wale,216.2,failed,Critical
AXA-20201203-3661-WiFi6,209,Operator,Kerry,194.52,failed,Critical
AXA-20201204-3662-VOICE,211,Operator,Kerry,249.3,failed,Critical
AXA-20201203-3663-ICS,225,Operator,Seun,202.05,failed,Critical
AXA-20201205-3664-WiFi9,203,Operator,Victor,207.55,failed,Critical
AXA-20201206-3666-WiFi10,204,Operator,Victor,248.47,failed,Critical
AXA-20201223-3667-HSE,201,Operator,Victor,197.15,failed,Critical
AXA-20201218-3668-MCON,201,Operator,Victor,285.1,failed,Critical
AXA-20201219-3669-HSE,211,Operator,Kerry,320.57,failed,Critical
AXA-20201211-3672-VOICE,214,Operator,Kerry,327.47,failed,Critical
AXA-20201228-3673-ICS,207,Operator,Victor,270.48,failed,Critical
AXA-20201205-3675-MCON,201,Operator,Victor,202.3,failed,Critical
AXA-20201227-3678-WiFi5,214,Operator,Kerry,271.37,failed,Critical
AXA-20201213-3681-C95,204,Operator,Victor,245.27,failed,Critical
AXA-20201218-3682-EVOICE,212,Operator,Kerry,307.03,failed,Critical
AXA-20201211-3683-WLESS,206,Operator,Victor,321.73,failed,Critical
AXA-20201210-3686-MAC,215,Operator,Wale,252.08,failed,Critical
AXA-20201202-3687-WiFi10,201,Operator,Victor,277.38,failed,Critical
AXA-20201211-3691-C100,221,Operator,Wale,245.17,failed,Critical
AXA-20201203-3694-VOICE,214,Operator,Kerry,344.22,failed,Critical
AXA-20201227-3696-WiFi11,202,Operator,Victor,339.27,failed,Critical
AXA-20201210-3697-WiFi6,204,Operator,Victor,208.07,failed,Critical
AXA-20201210-3702-WiFi7,206,Operator,Victor,314.63,failed,Critical
AXA-20201225-3706-WiFi8,207,Operator,Victor,338.12,failed,Critical
AXA-20201227-3707-CBS,202,Operator,Victor,245.38,failed,Critical
AXA-20201203-3709-HSE,212,Operator,Kerry,259.8,failed,Critical
AXA-20201213-3716-WLESS,213,Operator,Kerry,261.37,failed,Critical
AXA-20201212-3719-WiFi11,201,Operator,Victor,211.73,failed,Critical
AXA-20201226-3724-WiFi3,209,Operator,Kerry,181.63,failed,Critical
AXA-20201205-3725-ICS,215,Operator,Wale,207.55,failed,Critical
AXA-20201222-3726-MCON,214,Operator,Kerry,204.58,failed,Critical
AXA-20201220-3727-CBS,221,Operator,Wale,281.42,failed,Critical
AXA-20201203-3731-WiFi8,211,Operator,Kerry,263.13,failed,Critical
AXA-20201227-3733-ICS,212,Operator,Kerry,208.22,failed,Critical
AXA-20201217-3734-C100,207,Operator,Victor,214.27,failed,Critical
AXA-20201212-3740-WiFi11,205,Operator,Victor,213.57,failed,Critical
AXA-20201221-3742-WLESS,206,Operator,Victor,251.48,failed,Critical
AXA-20201206-3744-WLESS,208,Operator,Kerry,259.37,failed,Critical
AXA-20201206-3745-WiFi3,206,Operator,Victor,249.8,failed,Critical
AXA-20201210-3746-WiFi11,207,Operator,Victor,222.23,failed,Critical
AXA-20201203-3748-WiFi11,214,Operator,Kerry,225.43,failed,Critical
AXA-20201227-3754-WiFi11,212,Operator,Kerry,255.43,failed,Critical
AXA-20201203-3755-MAC,201,Operator,Victor,337.55,failed,Critical
AXA-20201211-3758-WiFi3,207,Operator,Victor,259.07,failed,Critical
AXA-20201222-3760-WiFi6,204,Operator,Victor,335.63,failed,Critical
AXA-20201210-3761-C95,226,Operator,Seun,264.5,failed,Critical
AXA-20201202-3762-WLESS,207,Operator,Victor,310.1,failed,Critical
AXA-20201205-3763-C95,225,Operator,Seun,284.73,failed,Critical
AXA-20201219-3764-C95,208,Operator,Kerry,255.45,failed,Critical
AXA-20201201-3765-WiFi9,212,Operator,Kerry,201.38,failed,Critical
AXA-20201221-3766-WiFi7,209,Operator,Kerry,336.5,failed,Critical
AXA-20201213-3769-EVOICE,204,Operator,Victor,334.47,failed,Critical
AXA-20201223-3770-WiFi3,209,Operator,Kerry,343.28,failed,Critical
AXA-20201205-3772-WLESS,202,Operator,Victor,254.33,failed,Critical
AXA-20201217-3774-WiFi5,209,Operator,Kerry,200.72,failed,Critical
AXA-20201208-3777-WLESS,222,Operator,Seun,321.45,failed,Critical
AXA-20201207-3780-WiFi10,208,Operator,Kerry,207.25,failed,Critical
AXA-20201203-3783-WiFi3,204,Operator,Victor,306.4,failed,Critical
AXA-20201218-3786-CBS,206,Operator,Victor,316.68,failed,Critical
AXA-20201219-3787-WiFi4,205,Operator,Victor,191.55,failed,Critical
AXA-20201215-3788-C100,204,Operator,Victor,335.17,failed,Critical
AXA-20201209-3791-WiFi8,209,Operator,Kerry,198.28,failed,Critical
AXA-20201204-3792-WiFi7,223,Operator,Seun,313.13,failed,Critical
AXA-20201208-3795-VOICE,208,Operator,Kerry,300.08,failed,Critical
AXA-20201211-3797-WLESS,222,Operator,Seun,185.08,failed,Critical
AXA-20201215-3798-WiFi8,201,Operator,Victor,201.23,failed,Critical
AXA-20201201-3802-C95,212,Operator,Kerry,194.17,failed,Critical
AXA-20201224-3804-WLESS,207,Operator,Victor,181.18,failed,Critical
AXA-20201223-3806-WiFi3,211,Operator,Kerry,211.05,failed,Critical
AXA-20201224-3807-WiFi6,205,Operator,Victor,318.23,failed,Critical
AXA-20201205-3811-WiFi5,210,Operator,Kerry,280.38,failed,Critical
AXA-20201212-3812-WLESS,206,Operator,Victor,270.8,failed,Critical
AXA-20201208-3813-HSE,202,Operator,Victor,186.48,failed,Critical
AXA-20201219-3815-WLESS,219,Operator,Wale,271.77,failed,Critical
AXA-20201211-3816-WiFi5,203,Operator,Victor,274.35,failed,Critical
AXA-20201214-3818-WiFi5,202,Operator,Victor,196.37,failed,Critical
AXA-20201207-3821-MAC,226,Operator,Seun,258.65,failed,Critical
AXA-20201205-3822-WiFi3,211,Operator,Kerry,203.45,failed,Critical
AXA-20201207-3823-WiFi8,203,Operator,Victor,186.58,failed,Critical
AXA-20201217-3824-WiFi3,206,Operator,Victor,306.37,failed,Critical
AXA-20201217-3825-WiFi5,206,Operator,Victor,259.28,failed,Critical
AXA-20201225-3827-MAC,202,Operator,Victor,317.73,failed,Critical
AXA-20201228-3829-WiFi7,220,Operator,Wale,282.2,failed,Critical
AXA-20201211-3831-WiFi6,203,Operator,Victor,315.72,failed,Critical
AXA-20201217-3833-ICS,218,Operator,Wale,223.22,failed,Critical
AXA-20201208-3834-WiFi6,203,Operator,Victor,333.27,failed,Critical
AXA-20201219-3835-ICS,202,Operator,Victor,339.22,failed,Critical
AXA-20201221-3836-WiFi10,202,Operator,Victor,313.37,failed,Critical
AXA-20201210-3838-VOICE,204,Operator,Victor,207.03,failed,Critical
AXA-20201223-3839-WiFi8,206,Operator,Victor,322.73,failed,Critical
AXA-20201207-3841-WiFi4,209,Operator,Kerry,317.23,failed,Critical
AXA-20201211-3843-C95,210,Operator,Kerry,210.07,failed,Critical
AXA-20201222-3845-EVOICE,203,Operator,Victor,324.18,failed,Critical
AXA-20201221-3846-WiFi5,228,Operator,Seun,216.05,failed,Critical
AXA-20201223-3847-WiFi7,214,Operator,Kerry,190.72,failed,Critical
AXA-20201212-3848-WiFi5,209,Operator,Kerry,211.3,failed,Critical
AXA-20201225-3849-WLESS,225,Operator,Seun,270.52,failed,Critical
AXA-20201227-3850-WiFi3,227,Operator,Seun,183.78,failed,Critical
AXA-20201202-3853-MCON,214,Operator,Kerry,223.07,failed,Critical
AXA-20201224-3855-C95,215,Operator,Wale,211.75,failed,Critical
AXA-20201201-3858-WLESS,212,Operator,Kerry,184.48,failed,Critical
AXA-20201223-3859-C95,207,Operator,Victor,269.57,failed,Critical
AXA-20201212-3860-WiFi10,212,Operator,Kerry,259.33,failed,Critical
AXA-20201213-3861-WiFi9,214,Operator,Kerry,207.18,failed,Critical
AXA-20201223-3863-EVOICE,214,Operator,Kerry,213.33,failed,Critical
AXA-20201203-3865-C95,210,Operator,Kerry,303.55,failed,Critical
AXA-20201203-3866-WiFi8,205,Operator,Victor,186.72,failed,Critical
AXA-20201216-3867-WLESS,224,Operator,Seun,258.25,failed,Critical
AXA-20201228-3868-HSE,207,Operator,Victor,269.53,failed,Critical
AXA-20201215-3872-WiFi5,211,Operator,Kerry,224.53,failed,Critical
AXA-20201223-3874-WLESS,202,Operator,Victor,280.1,failed,Critical
AXA-20201210-3878-EVOICE,213,Operator,Kerry,258.65,failed,Critical
AXA-20201205-3879-WiFi8,207,Operator,Victor,313.57,failed,Critical
AXA-20201214-3880-WiFi8,201,Operator,Victor,329.15,failed,Critical
AXA-20201213-3883-MCON,205,Operator,Victor,330.62,failed,Critical
AXA-20201207-3885-VOICE,208,Operator,Kerry,281.17,failed,Critical
AXA-20201226-3886-CBS,203,Operator,Victor,222.6,failed,Critical
AXA-20201207-3887-CBS,204,Operator,Victor,328.43,failed,Critical
AXA-20201218-3889-C95,209,Operator,Kerry,312.4,failed,Critical
AXA-20201202-3891-HSE,212,Operator,Kerry,326.07,failed,Critical
AXA-20201212-3892-WiFi5,222,Operator,Seun,247.32,failed,Critical
AXA-20201225-3896-C95,203,Operator,Victor,317.52,failed,Critical
AXA-20201205-3901-WiFi3,216,Operator,Wale,219.6,failed,Critical
AXA-20201204-3902-HSE,208,Operator,Kerry,262.65,failed,Critical
AXA-20201219-3903-HSE,209,Operator,Kerry,272.05,failed,Critical
AXA-20201222-3913-WLESS,205,Operator,Victor,211.63,failed,Critical
AXA-20201209-3916-WLESS,207,Operator,Victor,275.32,failed,Critical
AXA-20201228-3917-WiFi4,205,Operator,Victor,273.73,failed,Critical
AXA-20201218-3922-VOICE,202,Operator,Victor,260.22,failed,Critical
AXA-20201208-3923-C100,223,Operator,Seun,282.05,failed,Critical
AXA-20201211-3924-WiFi6,202,Operator,Victor,272.6,failed,Critical
AXA-20201215-3925-WiFi7,203,Operator,Victor,308.52,failed,Critical
AXA-20201223-3927-WiFi7,220,Operator,Wale,252.62,failed,Critical
AXA-20201206-3929-WiFi4,213,Operator,Kerry,220.55,failed,Critical
AXA-20201203-3931-C95,209,Operator,Kerry,316.22,failed,Critical
AXA-20201218-3932-EVOICE,206,Operator,Victor,301.25,failed,Critical
AXA-20201212-3933-WiFi3,213,Operator,Kerry,322.2,failed,Critical
AXA-20201212-3934-HSE,213,Operator,Kerry,344.35,failed,Critical
AXA-20201205-3935-WiFi11,209,Operator,Kerry,191.45,failed,Critical
AXA-20201228-3940-MCON,211,Operator,Kerry,261.37,failed,Critical
AXA-20201226-3941-WiFi11,211,Operator,Kerry,195.18,failed,Critical
AXA-20201218-3943-ICS,202,Operator,Victor,194.48,failed,Critical
AXA-20201205-3944-MCON,227,Operator,Seun,344.12,failed,Critical
AXA-20201206-3945-WiFi8,204,Operator,Victor,221.03,failed,Critical
AXA-20201222-3946-C100,205,Operator,Victor,285.18,failed,Critical
AXA-20201203-3947-WLESS,214,Operator,Kerry,187.78,failed,Critical
AXA-20201227-3952-WLESS,225,Operator,Seun,339.68,failed,Critical
AXA-20201215-3953-WiFi4,201,Operator,Victor,326.58,failed,Critical
AXA-20201214-3954-WiFi10,207,Operator,Victor,327.12,failed,Critical
AXA-20201226-3956-VOICE,224,Operator,Seun,328.15,failed,Critical
AXA-20201220-3957-WiFi4,214,Operator,Kerry,203.67,failed,Critical
AXA-20201208-3958-WiFi10,201,Operator,Victor,343.08,failed,Critical
AXA-20201218-3960-HSE,208,Operator,Kerry,280.2,failed,Critical
AXA-20201206-3964-HSE,214,Operator,Kerry,319.08,failed,Critical
AXA-20201212-3968-WiFi5,209,Operator,Kerry,215.53,failed,Critical
AXA-20201201-3969-C95,228,Operator,Seun,265.78,failed,Critical
AXA-20201206-3975-WiFi8,207,Operator,Victor,316.13,failed,Critical
AXA-20201218-3979-WiFi6,222,Operator,Seun,318.4,failed,Critical
AXA-20201209-3986-HSE,223,Operator,Seun,279.52,failed,Critical
AXA-20201219-3990-WiFi10,207,Operator,Victor,323.77,failed,Critical
AXA-20201228-3994-WiFi7,205,Operator,Victor,199.03,failed,Critical
AXA-20201225-3997-EVOICE,204,Operator,Victor,264.4,failed,Critical
AXA-20201208-3999-EVOICE,201,Operator,Victor,340.52,failed,Critical
AXA-20201202-4000-C95,214,Operator,Kerry,315.03,failed,Critical
AXA-20201224-4001-C95,204,Operator,Victor,197.75,failed,Critical
AXA-20201208-4005-ICS,212,Operator,Kerry,252.63,failed,Critical
AXA-20201214-4006-WiFi3,204,Operator,Victor,202.17,failed,Critical
AXA-20201228-4007-VOICE,201,Operator,Victor,204.78,failed,Critical
AXA-20201204-4008-WiFi10,201,Operator,Victor,309.65,failed,Critical
AXA-20201212-4016-WiFi11,204,Operator,Victor,319.25,failed,Critical
AXA-20201221-4018-WiFi11,221,Operator,Wale,315.1,failed,Critical
AXA-20201204-4019-WLESS,223,Operator,Seun,242.67,failed,Critical
AXA-20201205-4021-WiFi10,205,Operator,Victor,262.57,failed,Critical
AXA-20201207-4024-WiFi11,218,Operator,Wale,202.62,failed,Critical
AXA-20201217-4025-WiFi11,215,Operator,Wale,225.77,failed,Critical
AXA-20201226-4028-WiFi10,205,Operator,Victor,199.78,failed,Critical
AXA-20201222-4029-MAC,210,Operator,Kerry,247.4,failed,Critical
AXA-20201219-4031-VOICE,218,Operator,Wale,272.18,failed,Critical
AXA-20201218-4033-C100,223,Operator,Seun,318.73,failed,Critical
AXA-20201223-4034-WLESS,205,Operator,Victor,339.37,failed,Critical
AXA-20201216-4037-WLESS,205,Operator,Victor,209.42,failed,Critical
AXA-20201216-4038-WiFi4,207,Operator,Victor,284.78,failed,Critical
AXA-20201224-4040-ICS,214,Operator,Kerry,316.12,failed,Critical
AXA-20201226-4041-WiFi4,223,Operator,Seun,266.62,failed,Critical
AXA-20201220-4043-EVOICE,204,Operator,Victor,197.42,failed,Critical
AXA-20201202-4046-WLESS,207,Operator,Victor,300.2,failed,Critical
AXA-20201227-4048-ICS,201,Operator,Victor,335.58,failed,Critical
AXA-20201221-4049-MAC,209,Operator,Kerry,272.5,failed,Critical
AXA-20201216-4052-WiFi3,223,Operator,Seun,240.47,failed,Critical
AXA-20201223-4054-MAC,204,Operator,Victor,222.42,failed,Critical
AXA-20201226-4055-ICS,203,Operator,Victor,271.03,failed,Critical
AXA-20201203-4057-WiFi8,205,Operator,Victor,328.38,failed,Critical
AXA-20201218-4058-C100,211,Operator,Kerry,187.77,failed,Critical
AXA-20201211-4059-MAC,215,Operator,Wale,249.62,failed,Critical
AXA-20201203-4061-WiFi4,212,Operator,Kerry,262.2,failed,Critical
AXA-20201220-4068-WiFi11,209,Operator,Kerry,181.52,failed,Critical
AXA-20201205-4071-ICS,218,Operator,Wale,324.48,failed,Critical
AXA-20201214-4077-EVOICE,204,Operator,Victor,197.47,failed,Critical
AXA-20201227-4083-VOICE,206,Operator,Victor,274.77,failed,Critical
AXA-20201222-4084-WLESS,225,Operator,Seun,215.78,failed,Critical
AXA-20201205-4085-WiFi7,205,Operator,Victor,310.65,failed,Critical
AXA-20201208-4086-WLESS,226,Operator,Seun,222.67,failed,Critical
AXA-20201225-4087-WiFi7,210,Operator,Kerry,214.25,failed,Critical
AXA-20201214-4089-WLESS,224,Operator,Seun,309.8,failed,Critical
AXA-20201228-4091-WiFi9,222,Operator,Seun,222.7,failed,Critical
AXA-20201225-4092-WiFi4,223,Operator,Seun,183.5,failed,Critical
AXA-20201210-4093-WiFi9,210,Operator,Kerry,182.42,failed,Critical
AXA-20201216-4094-VOICE,221,Operator,Wale,253.45,failed,Critical
AXA-20201210-4095-MAC,204,Operator,Victor,300.2,failed,Critical
AXA-20201215-4097-HSE,212,Operator,Kerry,219.5,failed,Critical
AXA-20201212-4099-VOICE,203,Operator,Victor,187.45,failed,Critical
AXA-20201220-4101-WiFi6,202,Operator,Victor,336.67,failed,Critical
AXA-20201217-4102-WiFi3,226,Operator,Seun,204.67,failed,Critical
AXA-20201215-4103-VOICE,203,Operator,Victor,262.73,failed,Critical
AXA-20201218-4105-WLESS,202,Operator,Victor,265.5,failed,Critical
AXA-20201228-4106-C100,203,Operator,Victor,262.18,failed,Critical
AXA-20201213-4107-WLESS,208,Operator,Kerry,251.33,failed,Critical
AXA-20201221-4110-WiFi10,213,Operator,Kerry,199.38,failed,Critical
AXA-20201217-4113-WiFi5,210,Operator,Kerry,272.65,failed,Critical
AXA-20201209-4117-VOICE,209,Operator,Kerry,317.5,failed,Critical
AXA-20201226-4120-HSE,226,Operator,Seun,307.5,failed,Critical
AXA-20201211-4121-WiFi3,213,Operator,Kerry,181.32,failed,Critical
AXA-20201211-4123-HSE,215,Operator,Wale,270.48,failed,Critical
AXA-20201216-4125-WiFi3,216,Operator,Wale,253.08,failed,Critical
AXA-20201214-4130-WiFi9,205,Operator,Victor,329.15,failed,Critical
AXA-20201207-4131-EVOICE,212,Operator,Kerry,335.78,failed,Critical
AXA-20201204-4134-WiFi9,225,Operator,Seun,338.55,failed,Critical
AXA-20201217-4138-WLESS,205,Operator,Victor,200.75,failed,Critical
AXA-20201215-4139-WiFi3,206,Operator,Victor,339.73,failed,Critical
AXA-20201208-4140-EVOICE,209,Operator,Kerry,242.77,failed,Critical
AXA-20201221-4141-WiFi6,216,Operator,Wale,344.1,failed,Critical
AXA-20201213-4142-WiFi10,204,Operator,Victor,185.5,failed,Critical
AXA-20201209-4144-HSE,205,Operator,Victor,342.75,failed,Critical
AXA-20201217-4145-WiFi5,214,Operator,Kerry,300.12,failed,Critical
AXA-20201202-4148-EVOICE,212,Operator,Kerry,311.65,failed,Critical
AXA-20201201-4152-MCON,201,Operator,Victor,322.1,failed,Critical
AXA-20201207-4154-MAC,227,Operator,Seun,284.38,failed,Critical
AXA-20201226-4155-WiFi4,225,Operator,Seun,218.07,failed,Critical
AXA-20201212-4156-HSE,212,Operator,Kerry,271.12,failed,Critical
AXA-20201217-4157-MAC,225,Operator,Seun,209.17,failed,Critical
AXA-20201227-4158-WiFi5,222,Operator,Seun,343.57,failed,Critical
AXA-20201213-4160-VOICE,220,Operator,Wale,263.63,failed,Critical
AXA-20201208-4161-VOICE,210,Operator,Kerry,252.57,failed,Critical
AXA-20201228-4162-MCON,202,Operator,Victor,267.07,failed,Critical
AXA-20201213-4164-WiFi9,212,Operator,Kerry,271.15,failed,Critical
AXA-20201222-4165-WLESS,225,Operator,Seun,285.12,failed,Critical
AXA-20201223-4170-WiFi8,217,Operator,Wale,302.37,failed,Critical
AXA-20201222-4171-WiFi9,218,Operator,Wale,241.28,failed,Critical
AXA-20201213-4173-WiFi10,208,Operator,Kerry,305.05,failed,Critical
AXA-20201225-4176-WiFi4,213,Operator,Kerry,268.08,failed,Critical
AXA-20201208-4178-ICS,208,Operator,Kerry,341.73,failed,Critical
AXA-20201227-4179-C95,213,Operator,Kerry,256.13,failed,Critical
AXA-20201201-4180-C95,207,Operator,Victor,282.32,failed,Critical
AXA-20201226-4186-WLESS,214,Operator,Kerry,278.18,failed,Critical
AXA-20201215-4187-HSE,201,Operator,Victor,214.75,failed,Critical
AXA-20201210-4188-WiFi4,205,Operator,Victor,249.12,failed,Critical
AXA-20201227-4192-C100,204,Operator,Victor,200.78,failed,Critical
AXA-20201225-4193-WiFi5,212,Operator,Kerry,283.03,failed,Critical
AXA-20201217-4194-HSE,217,Operator,Wale,201.22,failed,Critical
AXA-20201218-4198-HSE,209,Operator,Kerry,304.2,failed,Critical
AXA-20201226-4199-WiFi4,214,Operator,Kerry,280.77,failed,Critical
AXA-20201207-4203-C100,215,Operator,Wale,274.53,failed,Critical
AXA-20201204-4205-CBS,220,Operator,Wale,342.22,failed,Critical
AXA-20201223-4207-CBS,210,Operator,Kerry,256.35,failed,Critical
AXA-20201222-4208-WiFi8,218,Operator,Wale,217.6,failed,Critical
AXA-20201227-4211-WLESS,206,Operator,Victor,341.08,failed,Critical
AXA-20201223-4215-VOICE,207,Operator,Victor,210.72,failed,Critical
AXA-20201210-4218-MAC,219,Operator,Wale,253.77,failed,Critical
AXA-20201209-4219-WiFi7,202,Operator,Victor,188.5,failed,Critical
AXA-20201201-4220-WiFi5,210,Operator,Kerry,316.35,failed,Critical
AXA-20201222-4222-WiFi10,226,Operator,Seun,277.32,failed,Critical
AXA-20201210-4224-C95,209,Operator,Kerry,256.67,failed,Critical
AXA-20201210-4225-HSE,212,Operator,Kerry,311.07,failed,Critical
AXA-20201203-4233-WiFi8,223,Operator,Seun,257.13,failed,Critical
AXA-20201228-4236-WiFi10,205,Operator,Victor,341.2,failed,Critical
AXA-20201225-4238-HSE,208,Operator,Kerry,343.07,failed,Critical
AXA-20201220-4239-WiFi9,214,Operator,Kerry,274.67,failed,Critical
AXA-20201202-4241-VOICE,226,Operator,Seun,345.52,failed,Critical
AXA-20201211-4247-WiFi6,210,Operator,Kerry,256.55,failed,Critical
AXA-20201225-4249-C95,209,Operator,Kerry,217.5,failed,Critical
AXA-20201210-4251-WiFi6,205,Operator,Victor,320.6,failed,Critical
AXA-20201227-4253-VOICE,213,Operator,Kerry,336.52,failed,Critical
AXA-20201209-4256-WLESS,208,Operator,Kerry,244.42,failed,Critical
AXA-20201216-4262-C100,209,Operator,Kerry,280.1,failed,Critical
AXA-20201201-4263-HSE,218,Operator,Wale,266.2,failed,Critical
AXA-20201211-4265-WiFi6,205,Operator,Victor,325.65,failed,Critical
AXA-20201211-4270-HSE,210,Operator,Kerry,332.42,failed,Critical
AXA-20201204-4274-WLESS,207,Operator,Victor,283.43,failed,Critical
AXA-20201203-4277-MAC,218,Operator,Wale,301.65,failed,Critical
AXA-20201201-4283-WiFi7,202,Operator,Victor,328.4,failed,Critical
AXA-20201209-4284-MAC,206,Operator,Victor,209.77,failed,Critical
AXA-20201216-4285-ICS,227,Operator,Seun,268.62,failed,Critical
AXA-20201226-4286-CBS,210,Operator,Kerry,309.18,failed,Critical
AXA-20201210-4287-WLESS,201,Operator,Victor,244.77,failed,Critical
AXA-20201221-4290-HSE,212,Operator,Kerry,274.52,failed,Critical
AXA-20201202-4291-VOICE,206,Operator,Victor,324.28,failed,Critical
AXA-20201221-4295-VOICE,209,Operator,Kerry,340.67,failed,Critical
AXA-20201211-4296-WLESS,227,Operator,Seun,267.18,failed,Critical
AXA-20201207-4298-HSE,202,Operator,Victor,200.35,failed,Critical
AXA-20201227-4299-WLESS,201,Operator,Victor,253.03,failed,Critical
AXA-20201223-4300-EVOICE,203,Operator,Victor,254.2,failed,Critical
AXA-20201203-4301-WiFi3,212,Operator,Kerry,265.35,failed,Critical
AXA-20201227-4308-WLESS,227,Operator,Seun,283.42,failed,Critical
AXA-20201215-4309-VOICE,201,Operator,Victor,242.55,failed,Critical
AXA-20201219-4310-WiFi7,202,Operator,Victor,271.23,failed,Critical
AXA-20201226-4312-WLESS,212,Operator,Kerry,193.1,failed,Critical
AXA-20201222-4313-EVOICE,207,Operator,Victor,340.42,failed,Critical
AXA-20201208-4314-WiFi3,214,Operator,Kerry,308.25,failed,Critical
AXA-20201203-4315-WiFi8,205,Operator,Victor,211.35,failed,Critical
AXA-20201213-4316-HSE,204,Operator,Victor,206.3,failed,Critical
AXA-20201223-4317-WiFi5,221,Operator,Wale,203.42,failed,Critical
AXA-20201225-4318-CBS,204,Operator,Victor,307.67,failed,Critical
AXA-20201226-4320-WiFi3,204,Operator,Victor,258.5,failed,Critical
AXA-20201205-4322-WiFi6,207,Operator,Victor,275.75,failed,Critical
AXA-20201226-4329-VOICE,206,Operator,Victor,274.45,failed,Critical
AXA-20201211-4330-WLESS,201,Operator,Victor,197.2,failed,Critical
AXA-20201224-4333-WiFi10,212,Operator,Kerry,248.42,failed,Critical
AXA-20201223-4335-HSE,203,Operator,Victor,337.07,failed,Critical
AXA-20201212-4341-WiFi9,213,Operator,Kerry,191.08,failed,Critical
AXA-20201210-4345-C95,226,Operator,Seun,184.72,failed,Critical
AXA-20201221-4346-MCON,225,Operator,Seun,314.05,failed,Critical
AXA-20201215-4348-WLESS,207,Operator,Victor,252.68,failed,Critical
AXA-20201207-4349-HSE,211,Operator,Kerry,213.6,failed,Critical
AXA-20201206-4350-WiFi4,205,Operator,Victor,321.12,failed,Critical
AXA-20201216-4354-MAC,203,Operator,Victor,314.6,failed,Critical
AXA-20201220-4355-EVOICE,205,Operator,Victor,260.6,failed,Critical
AXA-20201227-4366-WiFi7,225,Operator,Seun,262.08,failed,Critical
AXA-20201215-4368-WiFi6,205,Operator,Victor,224.57,failed,Critical
AXA-20201215-4371-CBS,204,Operator,Victor,207.15,failed,Critical
AXA-20201224-4373-WiFi3,207,Operator,Victor,335.32,failed,Critical
AXA-20201218-4374-ICS,212,Operator,Kerry,269.7,failed,Critical
AXA-20201225-4377-EVOICE,204,Operator,Victor,342.33,failed,Critical
AXA-20201218-4378-HSE,225,Operator,Seun,251.52,failed,Critical
AXA-20201202-4379-EVOICE,201,Operator,Victor,181.58,failed,Critical
AXA-20201210-4382-WiFi9,213,Operator,Kerry,243.65,failed,Critical
AXA-20201208-4383-EVOICE,202,Operator,Victor,323.23,failed,Critical
AXA-20201213-4385-MAC,216,Operator,Wale,258.67,failed,Critical
AXA-20201223-4387-C95,201,Operator,Victor,322.67,failed,Critical
AXA-20201210-4390-WiFi8,216,Operator,Wale,217.07,failed,Critical
AXA-20201201-4392-HSE,210,Operator,Kerry,307.32,failed,Critical
AXA-20201216-4396-WLESS,222,Operator,Seun,344.78,failed,Critical
AXA-20201211-4398-HSE,219,Operator,Wale,311.72,failed,Critical
AXA-20201215-4399-HSE,207,Operator,Victor,341.73,failed,Critical
AXA-20201214-4410-WLESS,225,Operator,Seun,303.77,failed,Critical
AXA-20201202-4411-MCON,201,Operator,Victor,310.27,failed,Critical
AXA-20201212-4412-WiFi11,216,Operator,Wale,315.58,failed,Critical
AXA-20201228-4413-C100,213,Operator,Kerry,330.1,failed,Critical
AXA-20201222-4415-WiFi6,207,Operator,Victor,252.08,failed,Critical
AXA-20201203-4417-WiFi8,203,Operator,Victor,253.43,failed,Critical
AXA-20201213-4418-C100,204,Operator,Victor,275.77,failed,Critical
AXA-20201213-4420-HSE,201,Operator,Victor,283.3,failed,Critical
AXA-20201214-4421-WLESS,210,Operator,Kerry,281.12,failed,Critical
AXA-20201224-4422-C95,209,Operator,Kerry,253.4,failed,Critical
AXA-20201207-4427-MCON,225,Operator,Seun,301.07,failed,Critical
AXA-20201222-4428-WiFi10,223,Operator,Seun,334.28,failed,Critical
AXA-20201226-4431-WiFi10,222,Operator,Seun,316.68,failed,Critical
AXA-20201214-4433-WiFi5,206,Operator,Victor,195.37,failed,Critical
AXA-20201216-4437-HSE,215,Operator,Wale,311.38,failed,Critical
AXA-20201210-4438-WiFi11,202,Operator,Victor,321.65,failed,Critical
AXA-20201218-4442-MCON,201,Operator,Victor,254.47,failed,Critical
AXA-20201201-4450-EVOICE,206,Operator,Victor,337.47,failed,Critical
AXA-20201206-4451-C95,226,Operator,Seun,339.08,failed,Critical
AXA-20201207-4454-WiFi7,207,Operator,Victor,193.65,failed,Critical
AXA-20201205-4455-C100,223,Operator,Seun,320.42,failed,Critical
AXA-20201219-4456-HSE,220,Operator,Wale,267.4,failed,Critical
AXA-20201205-4458-VOICE,205,Operator,Victor,340.75,failed,Critical
AXA-20201205-4461-WLESS,202,Operator,Victor,311.35,failed,Critical
AXA-20201219-4463-C95,206,Operator,Victor,204.25,failed,Critical
AXA-20201215-4464-VOICE,203,Operator,Victor,266.75,failed,Critical
AXA-20201206-4466-WLESS,217,Operator,Wale,337.48,failed,Critical
AXA-20201208-4467-WLESS,206,Operator,Victor,271.53,failed,Critical
AXA-20201227-4468-VOICE,205,Operator,Victor,194.1,failed,Critical
AXA-20201223-4469-MCON,201,Operator,Victor,243.75,failed,Critical
AXA-20201215-4470-WLESS,221,Operator,Wale,246.17,failed,Critical
AXA-20201215-4471-CBS,203,Operator,Victor,193.63,failed,Critical
AXA-20201207-4472-WiFi4,218,Operator,Wale,188.58,failed,Critical
AXA-20201214-4473-WiFi9,202,Operator,Victor,214.17,failed,Critical
AXA-20201216-4479-C100,226,Operator,Seun,311.05,failed,Critical
AXA-20201227-4482-WiFi7,207,Operator,Victor,339.45,failed,Critical
AXA-20201215-4484-WLESS,207,Operator,Victor,266.08,failed,Critical
AXA-20201218-4486-CBS,217,Operator,Wale,197.78,failed,Critical
AXA-20201211-4488-WLESS,225,Operator,Seun,283.1,failed,Critical
AXA-20201215-4489-VOICE,225,Operator,Seun,321.03,failed,Critical
AXA-20201202-4494-WiFi4,206,Operator,Victor,211.25,failed,Critical
AXA-20201221-4496-WiFi7,217,Operator,Wale,253.42,failed,Critical
AXA-20201218-4501-WiFi7,212,Operator,Kerry,207.25,failed,Critical
AXA-20201225-4502-HSE,203,Operator,Victor,344.07,failed,Critical
AXA-20201224-4504-WiFi7,202,Operator,Victor,311.53,failed,Critical
AXA-20201212-4506-WiFi3,201,Operator,Victor,275.23,failed,Critical
AXA-20201202-4511-HSE,206,Operator,Victor,318.25,failed,Critical
AXA-20201223-4512-MAC,219,Operator,Wale,185.38,failed,Critical
AXA-20201210-4513-WiFi10,228,Operator,Seun,222.55,failed,Critical
AXA-20201212-4516-WiFi8,207,Operator,Victor,193.47,failed,Critical
AXA-20201218-4519-WiFi4,202,Operator,Victor,222.5,failed,Critical
AXA-20201209-4520-ICS,211,Operator,Kerry,312.37,failed,Critical
AXA-20201227-4523-WLESS,211,Operator,Kerry,264.5,failed,Critical
AXA-20201203-4525-WLESS,213,Operator,Kerry,246.12,failed,Critical
AXA-20201210-4526-WiFi7,202,Operator,Victor,268.25,failed,Critical
AXA-20201222-4532-WiFi9,209,Operator,Kerry,319.1,failed,Critical
AXA-20201208-4533-MCON,211,Operator,Kerry,197.55,failed,Critical
AXA-20201212-4536-WiFi9,205,Operator,Victor,243.08,failed,Critical
AXA-20201212-4537-WiFi3,223,Operator,Seun,224.4,failed,Critical
AXA-20201223-4539-WiFi8,207,Operator,Victor,330.25,failed,Critical
AXA-20201224-4540-C100,203,Operator,Victor,300.32,failed,Critical
AXA-20201205-4542-CBS,226,Operator,Seun,199.58,failed,Critical
AXA-20201216-4544-EVOICE,210,Operator,Kerry,207.3,failed,Critical
AXA-20201208-4545-ICS,224,Operator,Seun,338.6,failed,Critical
AXA-20201217-4546-WiFi3,219,Operator,Wale,181.77,failed,Critical
AXA-20201223-4551-ICS,214,Operator,Kerry,328.23,failed,Critical
AXA-20201220-4553-C95,201,Operator,Victor,201.78,failed,Critical
AXA-20201214-4555-WiFi5,204,Operator,Victor,202.18,failed,Critical
AXA-20201208-4557-C95,211,Operator,Kerry,191.68,failed,Critical
AXA-20201217-4559-EVOICE,214,Operator,Kerry,268.68,failed,Critical
AXA-20201217-4562-WiFi6,213,Operator,Kerry,303.05,failed,Critical
AXA-20201223-4564-CBS,215,Operator,Wale,181.37,failed,Critical
AXA-20201221-4565-WLESS,215,Operator,Wale,300.58,failed,Critical
AXA-20201224-4566-WiFi5,224,Operator,Seun,203.8,failed,Critical
AXA-20201227-4568-WiFi3,210,Operator,Kerry,341.2,failed,Critical
AXA-20201204-4569-WiFi4,222,Operator,Seun,327.42,failed,Critical
AXA-20201201-4571-WLESS,203,Operator,Victor,225.63,failed,Critical
AXA-20201221-4574-CBS,208,Operator,Kerry,184.27,failed,Critical
AXA-20201225-4576-WiFi7,204,Operator,Victor,211.57,failed,Critical
AXA-20201218-4579-WiFi8,201,Operator,Victor,340.18,failed,Critical
AXA-20201225-4580-HSE,208,Operator,Kerry,273.68,failed,Critical
AXA-20201227-4581-WiFi8,207,Operator,Victor,200.17,failed,Critical
AXA-20201227-4582-MCON,218,Operator,Wale,303.37,failed,Critical
AXA-20201204-4584-WiFi8,219,Operator,Wale,274.42,failed,Critical
AXA-20201201-4587-C100,213,Operator,Kerry,341.27,failed,Critical
AXA-20201203-4588-WiFi11,207,Operator,Victor,186.5,failed,Critical
AXA-20201226-4589-WiFi7,204,Operator,Victor,266.68,failed,Critical
AXA-20201205-4590-ICS,209,Operator,Kerry,251.63,failed,Critical
AXA-20201228-4594-WiFi3,218,Operator,Wale,283.3,failed,Critical
AXA-20201217-4595-C100,209,Operator,Kerry,329.68,failed,Critical
AXA-20201203-4596-ICS,210,Operator,Kerry,311.15,failed,Critical
AXA-20201224-4597-EVOICE,219,Operator,Wale,324.23,failed,Critical
AXA-20201228-4598-ICS,223,Operator,Seun,316.28,failed,Critical
AXA-20201214-4599-WiFi9,211,Operator,Kerry,334.03,failed,Critical
AXA-20201202-4600-MAC,206,Operator,Victor,265.37,failed,Critical
AXA-20201223-4601-VOICE,207,Operator,Victor,183.4,failed,Critical
AXA-20201217-4602-EVOICE,220,Operator,Wale,252.63,failed,Critical
AXA-20201210-4604-WiFi9,209,Operator,Kerry,185.67,failed,Critical
AXA-20201204-4606-WiFi10,207,Operator,Victor,254.37,failed,Critical
AXA-20201207-4607-HSE,208,Operator,Kerry,247.08,failed,Critical
AXA-20201214-4611-WiFi3,210,Operator,Kerry,315.62,failed,Critical
AXA-20201222-4612-ICS,223,Operator,Seun,326.28,failed,Critical
AXA-20201220-4615-WiFi5,205,Operator,Victor,198.05,failed,Critical
AXA-20201218-4616-C100,214,Operator,Kerry,271.35,failed,Critical
AXA-20201209-4618-HSE,202,Operator,Victor,276.75,failed,Critical
AXA-20201220-4621-WiFi5,219,Operator,Wale,328.27,failed,Critical
AXA-20201217-4622-WiFi7,220,Operator,Wale,254.63,failed,Critical
AXA-20201226-4623-C100,226,Operator,Seun,274.43,failed,Critical
AXA-20201217-4625-WiFi8,204,Operator,Victor,187.42,failed,Critical
AXA-20201215-4626-ICS,216,Operator,Wale,273.13,failed,Critical
AXA-20201201-4627-HSE,205,Operator,Victor,266.47,failed,Critical
AXA-20201205-4628-WiFi5,206,Operator,Victor,333.3,failed,Critical
AXA-20201217-4633-ICS,206,Operator,Victor,256.4,failed,Critical
AXA-20201204-4638-MCON,204,Operator,Victor,329.3,failed,Critical
AXA-20201202-4639-C95,205,Operator,Victor,195.53,failed,Critical
AXA-20201205-4640-WLESS,211,Operator,Kerry,265.15,failed,Critical
AXA-20201220-4644-HSE,203,Operator,Victor,318.53,failed,Critical
AXA-20201217-4645-WLESS,206,Operator,Victor,200.28,failed,Critical
AXA-20201202-4646-WiFi3,203,Operator,Victor,221.23,failed,Critical
AXA-20201218-4652-WLESS,207,Operator,Victor,203.07,failed,Critical
AXA-20201223-4653-WiFi4,210,Operator,Kerry,264.1,failed,Critical
AXA-20201204-4657-WiFi5,220,Operator,Wale,305.1,failed,Critical
AXA-20201202-4660-CBS,205,Operator,Victor,201.55,failed,Critical
AXA-20201208-4663-WLESS,203,Operator,Victor,198.42,failed,Critical
AXA-20201207-4665-MAC,215,Operator,Wale,272.62,failed,Critical
AXA-20201223-4666-WiFi4,209,Operator,Kerry,251.6,failed,Critical
AXA-20201202-4668-HSE,205,Operator,Victor,202.33,failed,Critical
AXA-20201206-4670-HSE,203,Operator,Victor,327.67,failed,Critical
AXA-20201213-4671-WiFi4,215,Operator,Wale,313.33,failed,Critical
AXA-20201223-4672-HSE,204,Operator,Victor,314.55,failed,Critical
AXA-20201204-4675-WLESS,205,Operator,Victor,267.78,failed,Critical
AXA-20201204-4678-HSE,212,Operator,Kerry,278.68,failed,Critical
AXA-20201209-4679-CBS,208,Operator,Kerry,245.5,failed,Critical
AXA-20201212-4680-MCON,209,Operator,Kerry,300.73,failed,Critical
AXA-20201206-4682-WiFi3,204,Operator,Victor,281.4,failed,Critical
AXA-20201208-4684-EVOICE,211,Operator,Kerry,337.77,failed,Critical
AXA-20201224-4685-WLESS,220,Operator,Wale,196.13,failed,Critical
AXA-20201222-4686-WiFi9,205,Operator,Victor,341.32,failed,Critical
AXA-20201203-4689-WiFi11,222,Operator,Seun,199.12,failed,Critical
AXA-20201221-4695-EVOICE,210,Operator,Kerry,335.78,failed,Critical
AXA-20201205-4697-WLESS,228,Operator,Seun,267.75,failed,Critical
AXA-20201215-4700-WiFi4,216,Operator,Wale,274.47,failed,Critical
AXA-20201207-4701-WLESS,203,Operator,Victor,185.3,failed,Critical
AXA-20201219-4708-WiFi9,207,Operator,Victor,185.2,failed,Critical
AXA-20201205-4714-WLESS,209,Operator,Kerry,212.28,failed,Critical
AXA-20201223-4715-MCON,211,Operator,Kerry,215.13,failed,Critical
AXA-20201227-4716-WiFi4,204,Operator,Victor,208.43,failed,Critical
AXA-20201211-4723-WiFi6,211,Operator,Kerry,316.78,failed,Critical
AXA-20201228-4727-MAC,214,Operator,Kerry,186.45,failed,Critical
AXA-20201212-4728-C95,203,Operator,Victor,184.1,failed,Critical
AXA-20201207-4732-WiFi4,204,Operator,Victor,210.15,failed,Critical
AXA-20201213-4733-C100,212,Operator,Kerry,194.8,failed,Critical
AXA-20201215-4734-WiFi11,205,Operator,Victor,190.12,failed,Critical
AXA-20201206-4735-WiFi10,204,Operator,Victor,223.43,failed,Critical
AXA-20201226-4736-WLESS,210,Operator,Kerry,247.1,failed,Critical
AXA-20201221-4738-MCON,222,Operator,Seun,308.1,failed,Critical
AXA-20201210-4740-WiFi7,207,Operator,Victor,330.15,failed,Critical
AXA-20201220-4741-HSE,212,Operator,Kerry,318.13,failed,Critical
AXA-20201214-4743-EVOICE,203,Operator,Victor,252.57,failed,Critical
AXA-20201223-4752-WiFi8,222,Operator,Seun,194.78,failed,Critical
AXA-20201220-4754-WiFi3,207,Operator,Victor,327.1,failed,Critical
AXA-20201219-4756-WiFi6,201,Operator,Victor,305.4,failed,Critical
AXA-20201213-4758-HSE,226,Operator,Seun,218.6,failed,Critical
AXA-20201212-4759-VOICE,203,Operator,Victor,311.7,failed,Critical
AXA-20201211-4764-WiFi11,213,Operator,Kerry,245.5,failed,Critical
AXA-20201202-4772-WLESS,212,Operator,Kerry,303.1,failed,Critical
AXA-20201215-4776-WiFi7,210,Operator,Kerry,310.22,failed,Critical
AXA-20201218-4778-MAC,207,Operator,Victor,333.45,failed,Critical
AXA-20201214-4779-WLESS,201,Operator,Victor,264.22,failed,Critical
AXA-20201202-4780-C95,209,Operator,Kerry,322.73,failed,Critical
AXA-20201202-4783-WiFi8,205,Operator,Victor,184.72,failed,Critical
AXA-20201204-4784-WiFi6,207,Operator,Victor,222.1,failed,Critical
AXA-20201204-4786-CBS,207,Operator,Victor,196.72,failed,Critical
AXA-20201221-4787-WLESS,221,Operator,Wale,224.3,failed,Critical
AXA-20201223-4789-EVOICE,206,Operator,Victor,244.05,failed,Critical
AXA-20201222-4790-WiFi8,203,Operator,Victor,325.47,failed,Critical
AXA-20201220-4794-WLESS,228,Operator,Seun,319.23,failed,Critical
AXA-20201207-4796-MAC,221,Operator,Wale,303.27,failed,Critical
AXA-20201205-4800-WiFi10,214,Operator,Kerry,338.53,failed,Critical
AXA-20201218-4805-WiFi11,226,Operator,Seun,310.6,failed,Critical
AXA-20201226-4806-HSE,213,Operator,Kerry,208.43,failed,Critical
AXA-20201211-4809-CBS,204,Operator,Victor,257.35,failed,Critical
AXA-20201212-4810-MCON,204,Operator,Victor,201.2,failed,Critical
AXA-20201205-4812-WiFi10,214,Operator,Kerry,330.1,failed,Critical
AXA-20201226-4814-WiFi10,225,Operator,Seun,343.6,failed,Critical
AXA-20201220-4817-C100,201,Operator,Victor,184.35,failed,Critical
AXA-20201212-4819-WiFi7,228,Operator,Seun,310.45,failed,Critical
AXA-20201205-4820-WiFi11,215,Operator,Wale,263.6,failed,Critical
AXA-20201208-4821-WiFi5,211,Operator,Kerry,270.37,failed,Critical
AXA-20201216-4822-WiFi7,206,Operator,Victor,194.12,failed,Critical
AXA-20201214-4825-WiFi5,203,Operator,Victor,329.57,failed,Critical
AXA-20201215-4826-MAC,201,Operator,Victor,205.47,failed,Critical
AXA-20201224-4827-WiFi6,228,Operator,Seun,341.63,failed,Critical
AXA-20201212-4828-WiFi6,210,Operator,Kerry,193.73,failed,Critical
AXA-20201217-4829-CBS,210,Operator,Kerry,215.73,failed,Critical
AXA-20201208-4835-WiFi7,205,Operator,Victor,278.63,failed,Critical
AXA-20201213-4838-WiFi5,213,Operator,Kerry,197.33,failed,Critical
AXA-20201206-4845-WiFi3,205,Operator,Victor,266.37,failed,Critical
AXA-20201212-4847-CBS,214,Operator,Kerry,271.78,failed,Critical
AXA-20201225-4850-WiFi9,204,Operator,Victor,196.15,failed,Critical
AXA-20201201-4851-WLESS,208,Operator,Kerry,331.07,failed,Critical
AXA-20201227-4852-HSE,203,Operator,Victor,332.07,failed,Critical
AXA-20201207-4853-HSE,214,Operator,Kerry,193.68,failed,Critical
AXA-20201219-4854-HSE,205,Operator,Victor,319.35,failed,Critical
AXA-20201228-4855-WiFi7,205,Operator,Victor,219.13,failed,Critical
AXA-20201225-4860-WiFi5,202,Operator,Victor,247.5,failed,Critical
AXA-20201227-4865-WiFi8,214,Operator,Kerry,267.27,failed,Critical
AXA-20201216-4866-WiFi7,206,Operator,Victor,180.07,failed,Critical
AXA-20201218-4867-C95,225,Operator,Seun,189.67,failed,Critical
AXA-20201227-4869-WiFi7,210,Operator,Kerry,272.47,failed,Critical
AXA-20201207-4870-HSE,203,Operator,Victor,276.18,failed,Critical
AXA-20201210-4874-MAC,207,Operator,Victor,270.43,failed,Critical
AXA-20201207-4875-MAC,201,Operator,Victor,284.63,failed,Critical
AXA-20201220-4878-CBS,205,Operator,Victor,333.52,failed,Critical
AXA-20201227-4879-C95,222,Operator,Seun,324.47,failed,Critical
AXA-20201208-4880-VOICE,217,Operator,Wale,337.03,failed,Critical
AXA-20201223-4881-WLESS,205,Operator,Victor,267.73,failed,Critical
AXA-20201228-4886-MAC,206,Operator,Victor,216.27,failed,Critical
AXA-20201208-4889-MAC,205,Operator,Victor,321.22,failed,Critical
AXA-20201215-4901-WiFi4,226,Operator,Seun,224.47,failed,Critical
AXA-20201224-4902-CBS,206,Operator,Victor,186.8,failed,Critical
AXA-20201220-4905-WiFi4,204,Operator,Victor,309.27,failed,Critical
AXA-20201208-4906-WLESS,206,Operator,Victor,188.28,failed,Critical
AXA-20201207-4907-WLESS,207,Operator,Victor,223.13,failed,Critical
AXA-20201228-4910-CBS,207,Operator,Victor,208.65,failed,Critical
AXA-20201206-4914-WiFi8,216,Operator,Wale,337.23,failed,Critical
AXA-20201206-4915-WiFi8,216,Operator,Wale,302.22,failed,Critical
AXA-20201225-4917-C95,206,Operator,Victor,277.4,failed,Critical
AXA-20201218-4920-WiFi4,214,Operator,Kerry,254.77,failed,Critical
AXA-20201223-4921-HSE,201,Operator,Victor,181.15,failed,Critical
AXA-20201204-4923-CBS,223,Operator,Seun,241.13,failed,Critical
AXA-20201202-4924-WiFi11,204,Operator,Victor,304.33,failed,Critical
AXA-20201225-4929-VOICE,201,Operator,Victor,322.18,failed,Critical
AXA-20201204-4931-WiFi10,204,Operator,Victor,276.78,failed,Critical
AXA-20201224-4934-WLESS,203,Operator,Victor,214.13,failed,Critical
AXA-20201219-4935-MAC,206,Operator,Victor,263.32,failed,Critical
AXA-20201217-4936-WLESS,201,Operator,Victor,339.33,failed,Critical
AXA-20201217-4940-WLESS,214,Operator,Kerry,186.62,failed,Critical
AXA-20201225-4944-WiFi7,209,Operator,Kerry,320.5,failed,Critical
AXA-20201209-4945-WiFi3,208,Operator,Kerry,268.33,failed,Critical
AXA-20201208-4947-WiFi8,205,Operator,Victor,305.15,failed,Critical
AXA-20201221-4949-WiFi9,218,Operator,Wale,318.1,failed,Critical
AXA-20201219-4951-HSE,204,Operator,Victor,223.38,failed,Critical
AXA-20201225-4954-MCON,212,Operator,Kerry,262.2,failed,Critical
AXA-20201221-4955-C100,214,Operator,Kerry,221.68,failed,Critical
AXA-20201201-4960-WLESS,211,Operator,Kerry,201.22,failed,Critical
AXA-20201222-4965-CBS,227,Operator,Seun,214.38,failed,Critical
AXA-20201224-4971-WiFi10,206,Operator,Victor,337.2,failed,Critical
AXA-20201225-4975-WiFi3,214,Operator,Kerry,263.73,failed,Critical
AXA-20201227-4976-WLESS,211,Operator,Kerry,266.67,failed,Critical
AXA-20201212-4981-WiFi8,204,Operator,Victor,253.08,failed,Critical
AXA-20201217-4984-C100,206,Operator,Victor,275.38,failed,Critical
AXA-20201228-4986-WiFi9,214,Operator,Kerry,189.48,failed,Critical
AXA-20201220-4988-WiFi5,221,Operator,Wale,273.63,failed,Critical
AXA-20201209-4991-EVOICE,204,Operator,Victor,313.07,failed,Critical
AXA-20201211-4992-WLESS,203,Operator,Victor,334.78,failed,Critical
AXA-20201227-4993-C100,207,Operator,Victor,308.63,failed,Critical
AXA-20201210-4995-WiFi6,210,Operator,Kerry,197.53,failed,Critical
AXA-20201218-4999-HSE,204,Operator,Victor,259.63,failed,Critical
AXA-20201222-5001-WLESS,206,Operator,Victor,251.22,failed,Critical
AXA-20201214-5002-ICS,201,Operator,Victor,303.35,failed,Critical
AXA-20201206-5003-HSE,214,Operator,Kerry,317.25,failed,Critical
AXA-20201213-5008-WLESS,203,Operator,Victor,313.17,failed,Critical
AXA-20201211-5010-WLESS,203,Operator,Victor,322.53,failed,Critical
AXA-20201208-5012-WiFi5,202,Operator,Victor,190.18,failed,Critical
AXA-20201216-5018-WiFi4,226,Operator,Seun,254.07,failed,Critical
AXA-20201218-5019-WiFi9,224,Operator,Seun,338.73,failed,Critical
AXA-20201217-5020-EVOICE,220,Operator,Wale,250.67,failed,Critical
AXA-20201208-5023-C100,205,Operator,Victor,224.48,failed,Critical
AXA-20201225-5024-VOICE,208,Operator,Kerry,202.38,failed,Critical
AXA-20201202-5025-WiFi10,206,Operator,Victor,331.62,failed,Critical
AXA-20201210-5027-WiFi11,206,Operator,Victor,316.23,failed,Critical
AXA-20201221-5028-WiFi3,213,Operator,Kerry,196.72,failed,Critical
AXA-20201222-5029-WiFi9,202,Operator,Victor,206.43,failed,Critical
AXA-20201203-5030-WiFi7,217,Operator,Wale,201.07,failed,Critical
AXA-20201209-5031-WiFi7,202,Operator,Victor,201.57,failed,Critical
AXA-20201225-5033-MCON,207,Operator,Victor,315.03,failed,Critical
AXA-20201213-5034-WiFi11,203,Operator,Victor,308.5,failed,Critical
AXA-20201208-5038-WiFi5,210,Operator,Kerry,180.22,failed,Critical
AXA-20201206-5039-HSE,202,Operator,Victor,323.22,failed,Critical
AXA-20201228-5040-MCON,202,Operator,Victor,317.07,failed,Critical
AXA-20201228-5044-CBS,203,Operator,Victor,193.42,failed,Critical
AXA-20201225-5047-C95,211,Operator,Kerry,280.37,failed,Critical
AXA-20201208-5048-MCON,206,Operator,Victor,220.2,failed,Critical
AXA-20201221-5053-MCON,201,Operator,Victor,242.6,failed,Critical
AXA-20201201-5060-C95,210,Operator,Kerry,205.13,failed,Critical
AXA-20201213-5062-WiFi7,221,Operator,Wale,339.47,failed,Critical
AXA-20201223-5063-ICS,209,Operator,Kerry,285.4,failed,Critical
AXA-20201214-5064-WLESS,209,Operator,Kerry,330.68,failed,Critical
AXA-20201224-5066-WLESS,204,Operator,Victor,189.07,failed,Critical
AXA-20201205-5070-WiFi10,226,Operator,Seun,256.3,failed,Critical
AXA-20201221-5071-CBS,201,Operator,Victor,187.7,failed,Critical
AXA-20201214-5072-C95,212,Operator,Kerry,223.6,failed,Critical
AXA-20201210-5073-HSE,208,Operator,Kerry,280.45,failed,Critical
AXA-20201215-5074-MAC,202,Operator,Victor,278.6,failed,Critical
AXA-20201210-5075-C95,210,Operator,Kerry,204.08,failed,Critical
AXA-20201213-5076-WiFi6,201,Operator,Victor,240.4,failed,Critical
AXA-20201225-5078-WLESS,221,Operator,Wale,251.53,failed,Critical
AXA-20201227-5081-C95,214,Operator,Kerry,314.2,failed,Critical
AXA-20201220-5082-HSE,215,Operator,Wale,195.75,failed,Critical
AXA-20201221-5084-WiFi9,218,Operator,Wale,261.18,failed,Critical
AXA-20201201-5087-WiFi7,208,Operator,Kerry,335.78,failed,Critical
AXA-20201204-5089-WLESS,209,Operator,Kerry,323.25,failed,Critical
AXA-20201207-5092-MAC,212,Operator,Kerry,260.32,failed,Critical
AXA-20201217-5094-CBS,202,Operator,Victor,337.48,failed,Critical
AXA-20201205-5095-WLESS,202,Operator,Victor,315.57,failed,Critical
AXA-20201228-5096-HSE,208,Operator,Kerry,276.03,failed,Critical
AXA-20201216-5100-WiFi10,207,Operator,Victor,268.52,failed,Critical
AXA-20201218-5109-ICS,217,Operator,Wale,241.47,failed,Critical
AXA-20201211-5111-WiFi3,201,Operator,Victor,261.48,failed,Critical
AXA-20201227-5112-WLESS,205,Operator,Victor,273.1,failed,Critical
AXA-20201213-5113-WiFi9,212,Operator,Kerry,309.1,failed,Critical
AXA-20201217-5116-WLESS,223,Operator,Seun,181.3,failed,Critical
AXA-20201205-5117-CBS,207,Operator,Victor,254.35,failed,Critical
AXA-20201218-5119-MAC,203,Operator,Victor,252.4,failed,Critical
AXA-20201222-5120-WiFi10,212,Operator,Kerry,264.1,failed,Critical
AXA-20201223-5121-WiFi5,209,Operator,Kerry,311.58,failed,Critical
AXA-20201204-5122-MAC,213,Operator,Kerry,255.15,failed,Critical
AXA-20201221-5124-HSE,209,Operator,Kerry,184.67,failed,Critical
AXA-20201222-5125-WiFi10,222,Operator,Seun,244.42,failed,Critical
AXA-20201209-5127-MAC,205,Operator,Victor,261.07,failed,Critical
AXA-20201224-5129-MAC,221,Operator,Wale,283.7,failed,Critical
AXA-20201217-5132-WiFi7,223,Operator,Seun,207.15,failed,Critical
AXA-20201215-5133-EVOICE,223,Operator,Seun,302.45,failed,Critical
AXA-20201218-5136-ICS,209,Operator,Kerry,186.47,failed,Critical
AXA-20201215-5138-ICS,211,Operator,Kerry,262.08,failed,Critical
AXA-20201203-5139-WiFi11,207,Operator,Victor,323.08,failed,Critical
AXA-20201208-5142-HSE,206,Operator,Victor,344.6,failed,Critical
AXA-20201215-5144-WiFi10,204,Operator,Victor,205.17,failed,Critical
AXA-20201204-5150-HSE,205,Operator,Victor,310.6,failed,Critical
AXA-20201207-5151-WiFi5,206,Operator,Victor,246.28,failed,Critical
AXA-20201227-5153-WLESS,204,Operator,Victor,268.4,failed,Critical
AXA-20201221-5154-HSE,207,Operator,Victor,250.13,failed,Critical
AXA-20201217-5156-WiFi4,204,Operator,Victor,210.58,failed,Critical
AXA-20201211-5159-MCON,212,Operator,Kerry,340.08,failed,Critical
AXA-20201201-5160-HSE,213,Operator,Kerry,262.57,failed,Critical
AXA-20201206-5161-WiFi9,209,Operator,Kerry,262.2,failed,Critical
AXA-20201217-5162-ICS,214,Operator,Kerry,325.17,failed,Critical
AXA-20201204-5164-WiFi4,209,Operator,Kerry,283.8,failed,Critical
AXA-20201207-5165-HSE,207,Operator,Victor,221.35,failed,Critical
AXA-20201213-5169-ICS,204,Operator,Victor,318.28,failed,Critical
AXA-20201223-5170-WLESS,202,Operator,Victor,187.53,failed,Critical
AXA-20201210-5171-WiFi10,209,Operator,Kerry,245.72,failed,Critical
AXA-20201204-5173-MCON,206,Operator,Victor,318.52,failed,Critical
AXA-20201224-5175-WiFi5,204,Operator,Victor,281.72,failed,Critical
AXA-20201212-5176-WiFi10,206,Operator,Victor,253.03,failed,Critical
AXA-20201201-5177-WiFi7,209,Operator,Kerry,260.58,failed,Critical
AXA-20201226-5178-WiFi6,215,Operator,Wale,306.15,failed,Critical
AXA-20201228-5179-C95,203,Operator,Victor,316.57,failed,Critical
AXA-20201204-5182-WiFi8,213,Operator,Kerry,245.48,failed,Critical
AXA-20201214-5184-C100,218,Operator,Wale,244.5,failed,Critical
AXA-20201223-5185-WiFi5,214,Operator,Kerry,311.12,failed,Critical
AXA-20201225-5186-WiFi8,228,Operator,Seun,180.25,failed,Critical
AXA-20201222-5188-WiFi7,220,Operator,Wale,211.5,failed,Critical
AXA-20201223-5190-C100,207,Operator,Victor,312.03,failed,Critical
AXA-20201221-5191-MCON,216,Operator,Wale,181.15,failed,Critical
AXA-20201228-5193-WLESS,203,Operator,Victor,304.42,failed,Critical
AXA-20201215-5195-WiFi3,204,Operator,Victor,205.42,failed,Critical
AXA-20201224-5197-CBS,207,Operator,Victor,328.75,failed,Critical
AXA-20201212-5199-WiFi3,205,Operator,Victor,208.15,failed,Critical
AXA-20201204-5200-WiFi11,222,Operator,Seun,204.13,failed,Critical
AXA-20201211-5201-C100,207,Operator,Victor,342.67,failed,Critical
AXA-20201220-5203-VOICE,223,Operator,Seun,194.12,failed,Critical
AXA-20201207-5204-CBS,201,Operator,Victor,180.42,failed,Critical
AXA-20201213-5206-WiFi8,203,Operator,Victor,344.63,failed,Critical
AXA-20201201-5208-WiFi7,204,Operator,Victor,327.47,failed,Critical
AXA-20201221-5209-C95,211,Operator,Kerry,268.38,failed,Critical
AXA-20201224-5211-MAC,204,Operator,Victor,305.43,failed,Critical
AXA-20201204-5212-MCON,201,Operator,Victor,270.78,failed,Critical
AXA-20201219-5215-WiFi9,208,Operator,Kerry,212.53,failed,Critical
AXA-20201219-5217-WiFi4,226,Operator,Seun,205.53,failed,Critical
AXA-20201205-5218-ICS,223,Operator,Seun,260.65,failed,Critical
AXA-20201205-5219-WiFi11,226,Operator,Seun,341.55,failed,Critical
AXA-20201227-5222-WiFi10,213,Operator,Kerry,304.03,failed,Critical
AXA-20201215-5224-MAC,227,Operator,Seun,204.33,failed,Critical
AXA-20201213-5225-WiFi7,209,Operator,Kerry,186.3,failed,Critical
AXA-20201208-5229-C100,206,Operator,Victor,195.73,failed,Critical
AXA-20201223-5231-WiFi11,221,Operator,Wale,206.1,failed,Critical
AXA-20201213-5232-WiFi3,213,Operator,Kerry,266.17,failed,Critical
AXA-20201203-5239-HSE,210,Operator,Kerry,266.4,failed,Critical
AXA-20201206-5242-MCON,203,Operator,Victor,244.47,failed,Critical
AXA-20201214-5243-WiFi3,207,Operator,Victor,285.12,failed,Critical
AXA-20201221-5244-EVOICE,210,Operator,Kerry,180.65,failed,Critical
AXA-20201224-5245-CBS,222,Operator,Seun,309.72,failed,Critical
AXA-20201211-5247-C95,213,Operator,Kerry,340.73,failed,Critical
AXA-20201218-5248-WiFi3,216,Operator,Wale,210.68,failed,Critical
AXA-20201203-5253-MCON,202,Operator,Victor,284.62,failed,Critical
AXA-20201207-5255-WiFi3,226,Operator,Seun,241.57,failed,Critical
AXA-20201224-5256-C95,214,Operator,Kerry,333.62,failed,Critical
AXA-20201223-5257-HSE,202,Operator,Victor,265.8,failed,Critical
AXA-20201228-5258-WiFi11,205,Operator,Victor,334.6,failed,Critical
AXA-20201223-5259-MCON,207,Operator,Victor,243.68,failed,Critical
AXA-20201226-5260-WiFi5,226,Operator,Seun,318.05,failed,Critical
AXA-20201219-5262-HSE,209,Operator,Kerry,281.68,failed,Critical
AXA-20201211-5264-WiFi6,208,Operator,Kerry,276.23,failed,Critical
AXA-20201224-5265-MAC,204,Operator,Victor,219.7,failed,Critical
AXA-20201219-5269-MCON,209,Operator,Kerry,338.48,failed,Critical
AXA-20201220-5274-WiFi10,211,Operator,Kerry,343.43,failed,Critical
AXA-20201222-5276-WiFi7,214,Operator,Kerry,317.67,failed,Critical
AXA-20201213-5277-WLESS,204,Operator,Victor,300.5,failed,Critical
AXA-20201204-5279-WiFi8,226,Operator,Seun,223.27,failed,Critical
AXA-20201207-5281-HSE,228,Operator,Seun,283.2,failed,Critical
AXA-20201215-5286-WiFi7,205,Operator,Victor,261.48,failed,Critical
AXA-20201201-5289-WiFi7,206,Operator,Victor,332.48,failed,Critical
AXA-20201226-5292-WiFi3,201,Operator,Victor,338.23,failed,Critical
AXA-20201217-5297-WiFi6,210,Operator,Kerry,193.72,failed,Critical
AXA-20201209-5300-MAC,218,Operator,Wale,308.28,failed,Critical
AXA-20201210-5301-WiFi8,201,Operator,Victor,315.32,failed,Critical
AXA-20201215-5302-MAC,215,Operator,Wale,199.35,failed,Critical
AXA-20201220-5307-C95,205,Operator,Victor,318.18,failed,Critical
AXA-20201207-5308-WiFi8,208,Operator,Kerry,252.28,failed,Critical
AXA-20201227-5311-WiFi11,223,Operator,Seun,300.8,failed,Critical
AXA-20201201-5314-WLESS,209,Operator,Kerry,281.57,failed,Critical
AXA-20201206-5317-HSE,217,Operator,Wale,255.33,failed,Critical
AXA-20201225-5318-EVOICE,201,Operator,Victor,205.8,failed,Critical
AXA-20201207-5319-WLESS,228,Operator,Seun,333.48,failed,Critical
AXA-20201212-5320-ICS,202,Operator,Victor,266.58,failed,Critical
AXA-20201223-5324-C100,202,Operator,Victor,246.67,failed,Critical
AXA-20201218-5326-C100,207,Operator,Victor,331.18,failed,Critical
AXA-20201209-5328-WLESS,206,Operator,Victor,259.4,failed,Critical
AXA-20201220-5330-ICS,211,Operator,Kerry,181.22,failed,Critical
AXA-20201223-5335-HSE,228,Operator,Seun,345.58,failed,Critical
AXA-20201225-5342-WLESS,209,Operator,Kerry,215.48,failed,Critical
AXA-20201227-5343-EVOICE,205,Operator,Victor,195.18,failed,Critical
AXA-20201206-5346-WiFi9,209,Operator,Kerry,343.08,failed,Critical
AXA-20201210-5349-ICS,204,Operator,Victor,258.42,failed,Critical
AXA-20201206-5350-CBS,205,Operator,Victor,219.78,failed,Critical
AXA-20201227-5353-MCON,206,Operator,Victor,341.05,failed,Critical
AXA-20201205-5357-WiFi11,222,Operator,Seun,330.52,failed,Critical
AXA-20201226-5358-WiFi7,207,Operator,Victor,263.33,failed,Critical
AXA-20201227-5359-WiFi11,205,Operator,Victor,285.53,failed,Critical
AXA-20201207-5360-WiFi9,228,Operator,Seun,252.6,failed,Critical
AXA-20201215-5362-WiFi11,212,Operator,Kerry,224.52,failed,Critical
AXA-20201210-5363-WiFi3,207,Operator,Victor,183.05,failed,Critical
AXA-20201220-5368-HSE,206,Operator,Victor,212.15,failed,Critical
AXA-20201218-5369-WiFi7,228,Operator,Seun,210.05,failed,Critical
AXA-20201217-5372-C95,207,Operator,Victor,180.35,failed,Critical
AXA-20201220-5373-WiFi4,208,Operator,Kerry,209.68,failed,Critical
AXA-20201224-5379-WiFi9,227,Operator,Seun,251.47,failed,Critical
AXA-20201212-5380-VOICE,205,Operator,Victor,200.05,failed,Critical
AXA-20201207-5381-C95,203,Operator,Victor,258.77,failed,Critical
AXA-20201205-5382-WiFi11,207,Operator,Victor,307.15,failed,Critical
AXA-20201207-5383-C100,221,Operator,Wale,242.73,failed,Critical
AXA-20201210-5386-WiFi3,203,Operator,Victor,279.75,failed,Critical
AXA-20201205-5387-WiFi5,205,Operator,Victor,283.3,failed,Critical
AXA-20201226-5389-WiFi10,204,Operator,Victor,223.13,failed,Critical
AXA-20201219-5390-WiFi9,202,Operator,Victor,251.62,failed,Critical
AXA-20201208-5393-WiFi5,219,Operator,Wale,329.62,failed,Critical
AXA-20201225-5399-MCON,205,Operator,Victor,280.73,failed,Critical
AXA-20201219-5400-WiFi8,212,Operator,Kerry,320.13,failed,Critical
AXA-20201220-5401-HSE,205,Operator,Victor,274.22,failed,Critical
AXA-20201202-5402-MCON,206,Operator,Victor,336.7,failed,Critical
AXA-20201203-5403-C100,222,Operator,Seun,253.17,failed,Critical
AXA-20201220-5404-WiFi11,214,Operator,Kerry,189.27,failed,Critical
AXA-20201216-5406-WiFi3,212,Operator,Kerry,345.68,failed,Critical
AXA-20201222-5408-HSE,207,Operator,Victor,206.18,failed,Critical
AXA-20201220-5411-MAC,202,Operator,Victor,254.72,failed,Critical
AXA-20201209-5412-WiFi11,206,Operator,Victor,338.32,failed,Critical
AXA-20201207-5413-WLESS,209,Operator,Kerry,254.72,failed,Critical
AXA-20201218-5414-WiFi9,201,Operator,Victor,312.67,failed,Critical
AXA-20201208-5416-WiFi11,211,Operator,Kerry,275.52,failed,Critical
AXA-20201210-5418-WiFi5,221,Operator,Wale,250.68,failed,Critical
AXA-20201206-5419-WiFi8,213,Operator,Kerry,269.42,failed,Critical
AXA-20201204-5421-VOICE,203,Operator,Victor,276.4,failed,Critical
AXA-20201203-5423-CBS,207,Operator,Victor,342.53,failed,Critical
AXA-20201221-5426-ICS,214,Operator,Kerry,209.73,failed,Critical
AXA-20201226-5428-WiFi10,205,Operator,Victor,195.03,failed,Critical
AXA-20201220-5429-ICS,219,Operator,Wale,245.28,failed,Critical
AXA-20201219-5432-WiFi8,212,Operator,Kerry,330.35,failed,Critical
AXA-20201218-5433-WLESS,212,Operator,Kerry,334.78,failed,Critical
AXA-20201222-5434-WiFi10,222,Operator,Seun,267.57,failed,Critical
AXA-20201204-5435-WiFi11,209,Operator,Kerry,257.7,failed,Critical
AXA-20201207-5438-WiFi5,207,Operator,Victor,305.72,failed,Critical
AXA-20201216-5439-MAC,204,Operator,Victor,220.5,failed,Critical
AXA-20201227-5440-ICS,202,Operator,Victor,180.78,failed,Critical
AXA-20201202-5441-WiFi8,208,Operator,Kerry,319.78,failed,Critical
AXA-20201211-5445-WLESS,207,Operator,Victor,319.13,failed,Critical
AXA-20201205-5447-WiFi3,202,Operator,Victor,312.28,failed,Critical
AXA-20201203-5449-WLESS,226,Operator,Seun,280.78,failed,Critical
AXA-20201225-5452-MCON,224,Operator,Seun,225.73,failed,Critical
AXA-20201202-5453-CBS,206,Operator,Victor,247.65,failed,Critical
AXA-20201201-5456-WLESS,213,Operator,Kerry,325.5,failed,Critical
AXA-20201226-5458-MCON,207,Operator,Victor,214.25,failed,Critical
AXA-20201207-5464-C95,205,Operator,Victor,248.62,failed,Critical
AXA-20201208-5469-WiFi11,202,Operator,Victor,250.23,failed,Critical
AXA-20201208-5472-C100,207,Operator,Victor,243.05,failed,Critical
AXA-20201227-5476-WiFi4,208,Operator,Kerry,311.07,failed,Critical
AXA-20201226-5480-WiFi11,226,Operator,Seun,253.2,failed,Critical
AXA-20201209-5481-WiFi9,216,Operator,Wale,180.03,failed,Critical
AXA-20201226-5482-MAC,203,Operator,Victor,284.8,failed,Critical
AXA-20201212-5484-MAC,201,Operator,Victor,183.62,failed,Critical
AXA-20201226-5485-EVOICE,201,Operator,Victor,323.5,failed,Critical
AXA-20201224-5486-HSE,203,Operator,Victor,317.67,failed,Critical
AXA-20201207-5488-WiFi8,204,Operator,Victor,309.32,failed,Critical
AXA-20201222-5490-WiFi3,202,Operator,Victor,197.32,failed,Critical
AXA-20201207-5491-WLESS,205,Operator,Victor,217.2,failed,Critical
AXA-20201211-5495-WiFi9,206,Operator,Victor,328.53,failed,Critical
AXA-20201219-5497-WLESS,218,Operator,Wale,285.52,failed,Critical
AXA-20201205-5498-ICS,213,Operator,Kerry,215.8,failed,Critical
AXA-20201203-5502-MAC,212,Operator,Kerry,184.2,failed,Critical
AXA-20201223-5503-WiFi5,220,Operator,Wale,206.43,failed,Critical
AXA-20201214-5504-WiFi3,203,Operator,Victor,279.7,failed,Critical
AXA-20201220-5505-MCON,227,Operator,Seun,215.12,failed,Critical
AXA-20201212-5506-HSE,202,Operator,Victor,271.55,failed,Critical
AXA-20201207-5508-WiFi7,203,Operator,Victor,195.33,failed,Critical
AXA-20201201-5514-CBS,213,Operator,Kerry,304.68,failed,Critical
AXA-20201220-5516-WiFi9,214,Operator,Kerry,205.47,failed,Critical
AXA-20201208-5519-ICS,228,Operator,Seun,319.63,failed,Critical
AXA-20201207-5521-WLESS,204,Operator,Victor,259.25,failed,Critical
AXA-20201203-5523-WLESS,209,Operator,Kerry,275.6,failed,Critical
AXA-20201217-5524-VOICE,201,Operator,Victor,283.6,failed,Critical
AXA-20201204-5527-WiFi3,208,Operator,Kerry,310.32,failed,Critical
AXA-20201211-5528-WiFi11,212,Operator,Kerry,266.2,failed,Critical
AXA-20201225-5530-WiFi7,203,Operator,Victor,345.68,failed,Critical
AXA-20201211-5539-MAC,211,Operator,Kerry,305.28,failed,Critical
AXA-20201209-5541-WiFi4,210,Operator,Kerry,191.2,failed,Critical
AXA-20201227-5542-EVOICE,228,Operator,Seun,311.62,failed,Critical
AXA-20201217-5543-WiFi7,205,Operator,Victor,252.78,failed,Critical
AXA-20201206-5544-WiFi7,210,Operator,Kerry,279.68,failed,Critical
AXA-20201214-5545-WiFi8,212,Operator,Kerry,261.62,failed,Critical
AXA-20201214-5549-WiFi5,202,Operator,Victor,308.4,failed,Critical
AXA-20201206-5550-WiFi6,214,Operator,Kerry,213.25,failed,Critical
AXA-20201221-5552-WLESS,209,Operator,Kerry,267.05,failed,Critical
AXA-20201227-5556-WiFi10,203,Operator,Victor,222.35,failed,Critical
AXA-20201218-5559-WiFi6,225,Operator,Seun,199.13,failed,Critical
AXA-20201228-5560-WiFi3,204,Operator,Victor,255.17,failed,Critical
AXA-20201225-5562-WLESS,223,Operator,Seun,203.45,failed,Critical
AXA-20201205-5564-WiFi4,211,Operator,Kerry,191.78,failed,Critical
AXA-20201206-5566-ICS,222,Operator,Seun,219.15,failed,Critical
AXA-20201204-5568-EVOICE,216,Operator,Wale,180.73,failed,Critical
AXA-20201215-5569-WiFi10,212,Operator,Kerry,190.12,failed,Critical
AXA-20201216-5572-WiFi10,205,Operator,Victor,244.3,failed,Critical
AXA-20201206-5574-C100,221,Operator,Wale,196.3,failed,Critical
AXA-20201217-5575-WiFi11,202,Operator,Victor,266.73,failed,Critical
AXA-20201213-5577-WiFi11,228,Operator,Seun,312.27,failed,Critical
AXA-20201226-5578-WiFi9,206,Operator,Victor,329.28,failed,Critical
AXA-20201204-5581-WLESS,202,Operator,Victor,324.67,failed,Critical
AXA-20201217-5582-WiFi6,205,Operator,Victor,265.07,failed,Critical
AXA-20201223-5584-WLESS,223,Operator,Seun,300.17,failed,Critical
AXA-20201204-5585-WiFi11,214,Operator,Kerry,266.52,failed,Critical
AXA-20201209-5586-WiFi5,221,Operator,Wale,272.4,failed,Critical
AXA-20201218-5587-HSE,207,Operator,Victor,315.52,failed,Critical
AXA-20201225-5588-CBS,213,Operator,Kerry,328.37,failed,Critical
AXA-20201201-5590-HSE,211,Operator,Kerry,246.75,failed,Critical
AXA-20201219-5592-WiFi11,203,Operator,Victor,258.17,failed,Critical
AXA-20201212-5593-WLESS,206,Operator,Victor,274.45,failed,Critical
AXA-20201224-5594-ICS,208,Operator,Kerry,310.43,failed,Critical
AXA-20201226-5596-C100,201,Operator,Victor,317.05,failed,Critical
AXA-20201209-5597-ICS,228,Operator,Seun,255.62,failed,Critical
AXA-20201211-5601-EVOICE,206,Operator,Victor,185.23,failed,Critical
AXA-20201218-5604-WLESS,220,Operator,Wale,181.08,failed,Critical
AXA-20201223-5607-CBS,211,Operator,Kerry,180.3,failed,Critical
AXA-20201210-5609-MAC,228,Operator,Seun,183.12,failed,Critical
AXA-20201216-5613-WiFi8,223,Operator,Seun,314.12,failed,Critical
AXA-20201222-5615-WiFi4,213,Operator,Kerry,195.73,failed,Critical
AXA-20201203-5618-WiFi9,218,Operator,Wale,200.58,failed,Critical
AXA-20201226-5628-WLESS,218,Operator,Wale,251.68,failed,Critical
AXA-20201220-5629-ICS,220,Operator,Wale,305.8,failed,Critical
AXA-20201224-5630-MCON,211,Operator,Kerry,181.77,failed,Critical
AXA-20201219-5635-WiFi7,218,Operator,Wale,212.45,failed,Critical
AXA-20201223-5641-WiFi9,204,Operator,Victor,337.25,failed,Critical
AXA-20201202-5643-MAC,202,Operator,Victor,277.53,failed,Critical
AXA-20201223-5645-WiFi7,215,Operator,Wale,218.12,failed,Critical
AXA-20201215-5647-WLESS,201,Operator,Victor,300.03,failed,Critical
AXA-20201222-5649-VOICE,218,Operator,Wale,316.57,failed,Critical
AXA-20201201-5650-WLESS,219,Operator,Wale,217.55,failed,Critical
AXA-20201228-5652-WiFi6,209,Operator,Kerry,313.3,failed,Critical
AXA-20201202-5653-C95,207,Operator,Victor,217.67,failed,Critical
AXA-20201218-5655-C95,203,Operator,Victor,324.73,failed,Critical
AXA-20201205-5656-WiFi11,206,Operator,Victor,276.05,failed,Critical
AXA-20201202-5660-MCON,207,Operator,Victor,331.05,failed,Critical
AXA-20201207-5663-WLESS,228,Operator,Seun,224.32,failed,Critical
AXA-20201218-5666-MCON,201,Operator,Victor,315.67,failed,Critical
AXA-20201207-5667-WiFi6,203,Operator,Victor,181.68,failed,Critical
AXA-20201210-5671-WLESS,211,Operator,Kerry,303.55,failed,Critical
AXA-20201224-5672-EVOICE,202,Operator,Victor,257.1,failed,Critical
AXA-20201217-5675-MAC,210,Operator,Kerry,186.08,failed,Critical
AXA-20201214-5677-ICS,208,Operator,Kerry,278.12,failed,Critical
AXA-20201202-5678-MCON,222,Operator,Seun,267.35,failed,Critical
AXA-20201205-5683-MCON,207,Operator,Victor,263.5,failed,Critical
AXA-20201219-5684-WiFi4,202,Operator,Victor,190.43,failed,Critical
AXA-20201215-5685-MAC,201,Operator,Victor,246.55,failed,Critical
AXA-20201224-5686-MAC,228,Operator,Seun,252.07,failed,Critical
AXA-20201211-5687-WiFi7,207,Operator,Victor,202.77,failed,Critical
AXA-20201212-5693-WLESS,214,Operator,Kerry,198.57,failed,Critical
AXA-20201228-5696-WiFi5,203,Operator,Victor,202.2,failed,Critical
AXA-20201213-5697-HSE,219,Operator,Wale,183.27,failed,Critical
AXA-20201212-5699-WiFi6,207,Operator,Victor,224.12,failed,Critical
AXA-20201228-5702-MAC,201,Operator,Victor,206.7,failed,Critical
AXA-20201210-5703-VOICE,205,Operator,Victor,301.3,failed,Critical
AXA-20201204-5705-WiFi6,205,Operator,Victor,262.52,failed,Critical
AXA-20201215-5706-HSE,207,Operator,Victor,185.27,failed,Critical
AXA-20201217-5711-EVOICE,207,Operator,Victor,273.07,failed,Critical
AXA-20201215-5714-WiFi4,210,Operator,Kerry,312.53,failed,Critical
AXA-20201221-5716-CBS,207,Operator,Victor,277.63,failed,Critical
AXA-20201211-5724-MCON,202,Operator,Victor,208.35,failed,Critical
AXA-20201217-5728-CBS,202,Operator,Victor,282.45,failed,Critical
AXA-20201206-5729-CBS,208,Operator,Kerry,249.57,failed,Critical
AXA-20201220-5733-EVOICE,203,Operator,Victor,271.35,failed,Critical
AXA-20201203-5734-WLESS,206,Operator,Victor,221.68,failed,Critical
AXA-20201203-5737-WiFi9,211,Operator,Kerry,245.27,failed,Critical
AXA-20201201-5738-WLESS,202,Operator,Victor,187.05,failed,Critical
AXA-20201203-5740-WLESS,205,Operator,Victor,257.13,failed,Critical
AXA-20201208-5742-WLESS,211,Operator,Kerry,312.32,failed,Critical
AXA-20201223-5745-ICS,218,Operator,Wale,255.15,failed,Critical
AXA-20201202-5746-WiFi6,220,Operator,Wale,272.63,failed,Critical
AXA-20201213-5747-WiFi10,202,Operator,Victor,343.3,failed,Critical
AXA-20201202-5748-MCON,214,Operator,Kerry,225.37,failed,Critical
AXA-20201219-5750-CBS,224,Operator,Seun,194.15,failed,Critical
AXA-20201207-5752-C95,203,Operator,Victor,309.13,failed,Critical
AXA-20201211-5753-HSE,202,Operator,Victor,205.7,failed,Critical
AXA-20201220-5754-MCON,203,Operator,Victor,335.42,failed,Critical
AXA-20201223-5758-WiFi10,201,Operator,Victor,249.27,failed,Critical
AXA-20201204-5760-WiFi10,209,Operator,Kerry,313.43,failed,Critical
AXA-20201206-5761-VOICE,205,Operator,Victor,213.35,failed,Critical
AXA-20201213-5765-VOICE,207,Operator,Victor,258.28,failed,Critical
AXA-20201219-5766-MCON,201,Operator,Victor,334.13,failed,Critical
AXA-20201227-5767-WiFi4,224,Operator,Seun,330.23,failed,Critical
AXA-20201208-5772-WiFi7,206,Operator,Victor,197.08,failed,Critical
AXA-20201211-5773-HSE,206,Operator,Victor,329.3,failed,Critical
AXA-20201206-5774-WiFi9,211,Operator,Kerry,285.57,failed,Critical
AXA-20201215-5777-WiFi9,221,Operator,Wale,196.73,failed,Critical
AXA-20201201-5778-WiFi11,211,Operator,Kerry,211.7,failed,Critical
AXA-20201224-5782-CBS,226,Operator,Seun,300.28,failed,Critical
AXA-20201202-5785-WiFi6,201,Operator,Victor,223.48,failed,Critical
AXA-20201218-5786-WiFi5,211,Operator,Kerry,212.6,failed,Critical
AXA-20201203-5787-HSE,205,Operator,Victor,201.5,failed,Critical
AXA-20201212-5790-WiFi8,210,Operator,Kerry,341.32,failed,Critical
AXA-20201220-5791-MCON,206,Operator,Victor,256.17,failed,Critical
AXA-20201228-5794-HSE,210,Operator,Kerry,304.52,failed,Critical
AXA-20201218-5795-C95,220,Operator,Wale,300.67,failed,Critical
AXA-20201212-5797-WiFi5,223,Operator,Seun,181.03,failed,Critical
AXA-20201227-5802-WiFi4,212,Operator,Kerry,255.1,failed,Critical
AXA-20201215-5806-WiFi8,216,Operator,Wale,201.67,failed,Critical
AXA-20201213-5807-WiFi11,220,Operator,Wale,198.68,failed,Critical
AXA-20201203-5810-MCON,209,Operator,Kerry,181.8,failed,Critical
AXA-20201204-5811-EVOICE,213,Operator,Kerry,250.52,failed,Critical
AXA-20201215-5813-WiFi6,207,Operator,Victor,242.68,failed,Critical
AXA-20201208-5816-WiFi9,205,Operator,Victor,254.1,failed,Critical
AXA-20201224-5820-WiFi9,211,Operator,Kerry,330.32,failed,Critical
AXA-20201217-5824-C95,203,Operator,Victor,312.15,failed,Critical
AXA-20201213-5828-WLESS,226,Operator,Seun,276.33,failed,Critical
AXA-20201204-5833-WiFi8,206,Operator,Victor,184.68,failed,Critical
AXA-20201204-5836-CBS,214,Operator,Kerry,198.65,failed,Critical
AXA-20201207-5837-WiFi7,201,Operator,Victor,261.75,failed,Critical
AXA-20201215-5840-WiFi6,201,Operator,Victor,219.27,failed,Critical
AXA-20201205-5841-ICS,203,Operator,Victor,271.72,failed,Critical
AXA-20201207-5842-WiFi4,205,Operator,Victor,336.48,failed,Critical
AXA-20201215-5844-C95,204,Operator,Victor,208.77,failed,Critical
AXA-20201228-5848-WiFi10,204,Operator,Victor,207.05,failed,Critical
AXA-20201220-5849-WiFi5,209,Operator,Kerry,214.13,failed,Critical
AXA-20201216-5850-HSE,207,Operator,Victor,344.73,failed,Critical
AXA-20201226-5851-WiFi10,222,Operator,Seun,254.3,failed,Critical
AXA-20201215-5853-MAC,206,Operator,Victor,247.27,failed,Critical
AXA-20201227-5854-ICS,212,Operator,Kerry,184.42,failed,Critical
AXA-20201215-5860-VOICE,201,Operator,Victor,213.05,failed,Critical
AXA-20201210-5863-WLESS,227,Operator,Seun,328.4,failed,Critical
AXA-20201220-5873-WiFi11,206,Operator,Victor,197.73,failed,Critical
AXA-20201202-5874-ICS,222,Operator,Seun,303.37,failed,Critical
AXA-20201221-5877-WiFi9,224,Operator,Seun,259.38,failed,Critical
AXA-20201224-5881-MAC,219,Operator,Wale,341.67,failed,Critical
AXA-20201217-5882-WLESS,228,Operator,Seun,195.77,failed,Critical
AXA-20201211-5883-WiFi5,213,Operator,Kerry,220.08,failed,Critical
AXA-20201204-5885-MAC,209,Operator,Kerry,184.37,failed,Critical
AXA-20201226-5886-WiFi4,228,Operator,Seun,219.68,failed,Critical
AXA-20201206-5893-WLESS,203,Operator,Victor,181.57,failed,Critical
AXA-20201205-5895-VOICE,204,Operator,Victor,264.17,failed,Critical
AXA-20201206-5896-WiFi3,208,Operator,Kerry,181.75,failed,Critical
AXA-20201202-5900-HSE,222,Operator,Seun,260.3,failed,Critical
AXA-20201218-5903-MCON,201,Operator,Victor,209.4,failed,Critical
AXA-20201204-5904-ICS,207,Operator,Victor,308.45,failed,Critical
AXA-20201213-5905-WiFi6,223,Operator,Seun,246.33,failed,Critical
AXA-20201205-5908-WiFi10,202,Operator,Victor,255.15,failed,Critical
AXA-20201223-5910-VOICE,204,Operator,Victor,195.63,failed,Critical
AXA-20201213-5911-HSE,223,Operator,Seun,212.52,failed,Critical
AXA-20201227-5912-WLESS,204,Operator,Victor,215.08,failed,Critical
AXA-20201219-5914-MAC,210,Operator,Kerry,189.42,failed,Critical
AXA-20201207-5916-WLESS,203,Operator,Victor,215.23,failed,Critical
AXA-20201223-5920-EVOICE,206,Operator,Victor,332.03,failed,Critical
AXA-20201214-5922-VOICE,207,Operator,Victor,278.5,failed,Critical
AXA-20201215-5924-WiFi4,205,Operator,Victor,270.15,failed,Critical
AXA-20201222-5925-WLESS,221,Operator,Wale,333.78,failed,Critical
AXA-20201205-5936-WLESS,207,Operator,Victor,318.27,failed,Critical
AXA-20201217-5938-WiFi9,201,Operator,Victor,321.47,failed,Critical
AXA-20201203-5946-MAC,202,Operator,Victor,283.03,failed,Critical
AXA-20201224-5948-WiFi11,211,Operator,Kerry,285.57,failed,Critical
AXA-20201226-5953-MCON,207,Operator,Victor,213.58,failed,Critical
AXA-20201207-5954-C95,213,Operator,Kerry,344.45,failed,Critical
AXA-20201227-5955-MAC,203,Operator,Victor,265.62,failed,Critical
AXA-20201212-5956-WiFi5,201,Operator,Victor,331.23,failed,Critical
AXA-20201211-5957-HSE,203,Operator,Victor,333.32,failed,Critical
AXA-20201228-5959-HSE,222,Operator,Seun,216.5,failed,Critical
AXA-20201203-5961-C95,228,Operator,Seun,280.52,failed,Critical
AXA-20201219-5964-WiFi3,212,Operator,Kerry,245.47,failed,Critical
AXA-20201209-5971-CBS,214,Operator,Kerry,279.8,failed,Critical
AXA-20201203-5973-WiFi6,211,Operator,Kerry,276.07,failed,Critical
AXA-20201227-5975-WiFi7,216,Operator,Wale,307.57,failed,Critical
AXA-20201204-5980-WiFi10,211,Operator,Kerry,305.8,failed,Critical
AXA-20201218-5981-WLESS,217,Operator,Wale,307.05,failed,Critical
AXA-20201216-5982-CBS,204,Operator,Victor,252.2,failed,Critical
AXA-20201208-5987-WiFi3,214,Operator,Kerry,343.65,failed,Critical
AXA-20201205-5988-VOICE,226,Operator,Seun,210.2,failed,Critical
AXA-20201204-5990-ICS,218,Operator,Wale,211.77,failed,Critical
AXA-20201202-5991-WiFi4,207,Operator,Victor,318.38,failed,Critical
AXA-20201218-5992-C95,221,Operator,Wale,263.32,failed,Critical
AXA-20201221-5995-HSE,206,Operator,Victor,281.68,failed,Critical
AXA-20201224-5997-WiFi6,223,Operator,Seun,186.75,failed,Critical
AXA-20201207-5998-MAC,217,Operator,Wale,324.53,failed,Critical
AXA-20201227-5999-ICS,201,Operator,Victor,271.32,failed,Critical
AXA-20201203-6002-C95,210,Operator,Kerry,195.8,failed,Critical
AXA-20201209-6005-ICS,228,Operator,Seun,326.77,failed,Critical
AXA-20201206-6009-WLESS,221,Operator,Wale,315.73,failed,Critical
AXA-20201226-6010-WiFi9,208,Operator,Kerry,282.72,failed,Critical
AXA-20201201-6012-EVOICE,208,Operator,Kerry,315.3,failed,Critical
AXA-20201219-6013-WiFi8,220,Operator,Wale,244.23,failed,Critical
AXA-20201215-6014-WiFi4,221,Operator,Wale,212.4,failed,Critical
AXA-20201216-6016-WiFi6,228,Operator,Seun,327.58,failed,Critical
AXA-20201223-6017-CBS,204,Operator,Victor,189.28,failed,Critical
AXA-20201211-6018-WiFi4,207,Operator,Victor,338.55,failed,Critical
AXA-20201218-6020-WiFi3,218,Operator,Wale,339.38,failed,Critical
AXA-20201215-6022-HSE,209,Operator,Kerry,196.23,failed,Critical
AXA-20201218-6027-WiFi9,207,Operator,Victor,264.52,failed,Critical
AXA-20201207-6030-HSE,207,Operator,Victor,264.07,failed,Critical
AXA-20201221-6032-WiFi10,205,Operator,Victor,272.43,failed,Critical
AXA-20201222-6034-MAC,203,Operator,Victor,318.27,failed,Critical
AXA-20201218-6036-HSE,214,Operator,Kerry,321.5,failed,Critical
AXA-20201222-6038-HSE,203,Operator,Victor,212.15,failed,Critical
AXA-20201209-6040-WiFi9,214,Operator,Kerry,218.12,failed,Critical
AXA-20201223-6046-CBS,202,Operator,Victor,336.27,failed,Critical
AXA-20201217-6047-HSE,225,Operator,Seun,280.1,failed,Critical
AXA-20201203-6049-CBS,205,Operator,Victor,309.2,failed,Critical
AXA-20201219-6050-ICS,203,Operator,Victor,333.7,failed,Critical
AXA-20201221-6051-WiFi4,203,Operator,Victor,268.23,failed,Critical
AXA-20201214-6054-EVOICE,226,Operator,Seun,208.3,failed,Critical
AXA-20201214-6056-C100,214,Operator,Kerry,321.1,failed,Critical
AXA-20201216-6057-WiFi7,205,Operator,Victor,269.32,failed,Critical
AXA-20201209-6058-WLESS,228,Operator,Seun,194.52,failed,Critical
AXA-20201221-6059-WiFi8,205,Operator,Victor,321.55,failed,Critical
AXA-20201203-6061-C95,205,Operator,Victor,276.08,failed,Critical
AXA-20201227-6065-WLESS,218,Operator,Wale,340.68,failed,Critical
AXA-20201202-6066-WLESS,218,Operator,Wale,302.65,failed,Critical
AXA-20201212-6067-WiFi3,214,Operator,Kerry,242.7,failed,Critical
AXA-20201219-6068-VOICE,224,Operator,Seun,340.18,failed,Critical
AXA-20201218-6069-WiFi4,210,Operator,Kerry,310.47,failed,Critical
AXA-20201224-6075-WLESS,211,Operator,Kerry,331.65,failed,Critical
AXA-20201220-6077-WiFi8,204,Operator,Victor,186.42,failed,Critical
AXA-20201211-6078-MCON,210,Operator,Kerry,212.75,failed,Critical
AXA-20201223-6081-WiFi7,208,Operator,Kerry,265.25,failed,Critical
AXA-20201214-6083-WiFi5,218,Operator,Wale,222.08,failed,Critical
AXA-20201202-6087-MAC,205,Operator,Victor,339.22,failed,Critical
AXA-20201202-6088-WiFi10,216,Operator,Wale,196.43,failed,Critical
AXA-20201220-6093-WLESS,203,Operator,Victor,316.27,failed,Critical
AXA-20201217-6094-WiFi8,206,Operator,Victor,301.38,failed,Critical
AXA-20201223-6095-WiFi10,205,Operator,Victor,300.48,failed,Critical
AXA-20201205-6103-WiFi3,205,Operator,Victor,333.03,failed,Critical
AXA-20201224-6105-WiFi8,201,Operator,Victor,252.68,failed,Critical
AXA-20201204-6106-MAC,204,Operator,Victor,190.4,failed,Critical
AXA-20201224-6107-WLESS,228,Operator,Seun,200.73,failed,Critical
AXA-20201223-6109-WLESS,207,Operator,Victor,280.5,failed,Critical
AXA-20201208-6110-HSE,221,Operator,Wale,201.63,failed,Critical
AXA-20201211-6112-C95,219,Operator,Wale,187.2,failed,Critical
AXA-20201202-6113-HSE,202,Operator,Victor,189.57,failed,Critical
AXA-20201224-6114-C95,215,Operator,Wale,216.43,failed,Critical
AXA-20201222-6116-CBS,203,Operator,Victor,240.1,failed,Critical
AXA-20201206-6118-WiFi6,201,Operator,Victor,264.23,failed,Critical
AXA-20201222-6122-HSE,203,Operator,Victor,271.42,failed,Critical
AXA-20201225-6123-WLESS,204,Operator,Victor,184.72,failed,Critical
